photographer_id,business_name,business_slug,owner_name,brand_tagline,business_type,abn,founded_year,years_in_business,team_size,address_line_1,address_line_2,suburb,city,state,postcode,country,latitude,longitude,service_regions,willing_to_travel,travel_radius_km,travel_fee_estimate_aud,destination_wedding_specialist,international_weddings,primary_phone,secondary_phone,primary_email,enquiry_email,website_url,booking_url,instagram_handle,instagram_url,instagram_followers,facebook_url,facebook_followers,tiktok_handle,tiktok_url,youtube_url,pinterest_url,vimeo_url,google_business_url,google_place_id,google_rating,google_review_count,google_categories,google_price_level,google_verified,google_phone,easyweddings_url,easyweddings_rating,easyweddings_review_count,easyweddings_award,wedlockers_url,weddingdirectory_url,polkadot_url,hitched_url,zankyou_url,abia_award,directory_listing_count,appears_in_directories,style_primary,style_secondary,style_keywords,shooting_format,delivery_format,typical_turnaround_weeks,shoots_videography,videography_in_house,second_shooter_available,engagement_shoots,price_tier,starting_price_aud,average_package_aud,hourly_rate_aud,elopement_package_aud,half_day_package_aud,full_day_package_aud,deposit_required_pct,payment_terms,currency,min_coverage_hours,max_coverage_hours,engagement_shoot_included,albums_offered,prints_offered,raw_files_offered,rehearsal_dinner_coverage,getting_ready_coverage,lgbtq_friendly,multicultural_specialist,cultural_specialisations,religious_specialisations,elopement_specialist,destination_specialist,boudoir_offered,pre_wedding_shoots,awards_count,awards_list,featured_publications,featured_blogs,public_liability_insurance,professional_indemnity_insurance,equipment_insurance,abn_verified,data_source_primary,data_source_secondary,data_quality_score,tier,verified_by_human,verification_date,needs_review_flag,last_updated,notes
PHOT-00001,Splendid Photos & Video,splendid-photos-and-video,,,,,,,,,,Leichhardt,Sydney,NSW,,AU,,,Sydney,,,,,,,,,,https://splendid.net.au,,,,,,,,,,,,,,,,,,,,,,,,,,,,,,,,,,"timeless, romantic, award_winning",,,,,,,,,,,,,,,,,AUD,,,,,,,,,,,,,,,,,,,,,,,,,google_search_2026_05,,20,A,FALSE,,TRUE,2026-05-07,Timeless and romantic; award-winning.
PHOT-00002,T-One Image,t-one-image,,,,,,,,,,Sydney CBD,Sydney,NSW,,AU,,,Sydney,,,,,,,,,,https://t-oneimage.com.au,,,,,,,,,,,,,,,,,,,,,,,,,,,,,,,,documentary,,"natural, non_posed, documentary",,,,,,,,,,,,,,,,,AUD,,,,,,,,,,,,,,,,,,,,,,,,,google_search_2026_05,,20,A,FALSE,,TRUE,2026-05-07,"Natural, non-posed documentary style."
PHOT-00003,Katsu Photography,katsu-photography,,,,,,20,,,,Surry Hills,Sydney,NSW,,AU,,,Sydney,,,,,,,,,,https://katsuphotography.com.au,,,,,,,,,,,,,,,,,,,,,,,,,,,,,,,,documentary,,"modern, documentary",,,,,,,,,,,,,,,,,AUD,,,,,,,,,,,,,,,,,,,,,,,,,google_search_2026_05,,20,A,FALSE,,TRUE,2026-05-07,Modern documentary; over 20 years experience.
PHOT-00004,RISS Productions,riss-productions,,,,,,,,,,,Sydney,NSW,,AU,,,Sydney,,,,,,,,,,https://rissproductions.com.au,,,,,,,,,,,,,,,,,,,,,,,,,,,,,,,,,,,,,,TRUE,TRUE,,,,,,,,,,,,AUD,,,,,,,,,,,,,,,,,,,,,,,,,google_search_2026_05,,20,A,FALSE,,TRUE,2026-05-07,Highly rated for both photo and cinema. Verify website.
PHOT-00005,Euphoria Photography,euphoria-photography,,,,,,,,,,Earlwood,Sydney,NSW,,AU,,,Sydney,,,,,,,,,,https://euphoriaphotography.com.au,,,,,,,,,,,,,,,,,,,,,,,,,,,,,,,,,,"elegant, storytelling",,,,,,,,,,,,,,,,,AUD,,,,,,,,,,,,,,,,,,,,,,,,,google_search_2026_05,,20,A,FALSE,,TRUE,2026-05-07,"Elegant, storytelling-focused."
PHOT-00006,Alexander Choi,alexander-choi,Alexander Choi,,,,,,,,,,Sydney,NSW,,AU,,,Sydney,,,,,,,,,,https://alexanderchoi.com.au,,,,,,,,,,,,,,,,,,,,,,,,,,,,,,,,,,"artistic, sophisticated",,,,,,,,,,,,,,,,,AUD,,,,,,,,,,,,,,,,,,,,,,,,,google_search_2026_05,,20,A,FALSE,,TRUE,2026-05-07,Artistic and sophisticated.
PHOT-00007,Symmetry Weddings,symmetry-weddings,,,,,,,,,,,Sydney,NSW,,AU,,,Sydney,,,,,,,,,,https://symmetryweddings.com.au,,,,,,,,,,,,,,,,,,,,,,,,,,,,,,,,,,"candid, emotive",,,,,,,,,,,,,,,,,AUD,,,,,,,,,,,,,,,,,,,,,,,,,google_search_2026_05,,20,A,FALSE,,TRUE,2026-05-07,Candid and emotive.
PHOT-00008,Paper Cranes,paper-cranes,,,,,,,,,,,Sydney,NSW,,AU,,,Sydney,,,,,,,,,,https://papercranes.com.au,,,,,,,,,,,,,,,,,,,,,,,,,,,,,,,,,,"cinematic, storytelling",,,,,,,,,,,,,,,,,AUD,,,,,,,,,,,,,,,,,,,,,,,,,google_search_2026_05,,20,A,FALSE,,TRUE,2026-05-07,Cinematic storytelling specialists.
PHOT-00009,Lightheart Weddings,lightheart-weddings,,,,,,,,,,,Sydney,NSW,,AU,,,Sydney,,,,,,,,,,https://lightheartwedding.com.au,,,,,,,,,,,,,,,,,,,,,,,,,,,,,,,,,,"fresh, airy, vibrant",,,,,,,,,,,,,,,,,AUD,,,,,,,,,,,,,,,,,,,,,,,,,google_search_2026_05,,20,A,FALSE,,TRUE,2026-05-07,"Fresh, airy, and vibrant imagery."
PHOT-00010,Inlighten Photography,inlighten-photography,,,,,,,,,,Surry Hills,Sydney,NSW,,AU,,,Sydney,,,,,,,,,,https://inlighten.com.au,,,,,,,,,,,,,,,,,,,,,,,,,,,,,,,,,,"luxury, high_end",,,,,,,,luxury,,,,,,,,,AUD,,,,,,,,,,,,,,,,,,,,,,,,,google_search_2026_05,,20,A,FALSE,,TRUE,2026-05-07,High-end luxury wedding experts.
PHOT-00011,Lauren Anne Photography,lauren-anne-photography,Lauren Anne,,,,,,,,,Adamstown,Newcastle,NSW,,AU,,,"Newcastle, Hunter Valley",,,,,,,,,,https://laurenannephotography.com.au,,,,,,,,,,,,,,,,,,,,,,,,,,,,,,,,,,,,,,,,,,,,,,,,,,,AUD,,,,,,,,,,,,,,,,,,Ranked #1 Newcastle 2026,,,,,,,google_search_2026_05,,20,A,FALSE,,TRUE,2026-05-07,Ranked #1 in Newcastle for 2026.
PHOT-00012,3L Photography & Film,3l-photography-and-film,,,,,,,,,,,Hunter Valley,NSW,,AU,,,"Hunter Valley, Newcastle",,,,,,,,,,https://3lphotography.com.au,,,,,,,,,,,,,,,,,,,,,,,,,,,,,,,,,,"fun, candid, no_posing",,,,TRUE,,,,,,,,,,,,,AUD,,,,,,,,,,,,,,,,,,,,,,,,,google_search_2026_05,,20,A,FALSE,,TRUE,2026-05-07,"Maximum fun, minimum disruption; no awkward posing."
PHOT-00013,Rogue Weddings,rogue-weddings,,,,,,,,,,,Newcastle,NSW,,AU,,,"Newcastle, Hunter Valley",,,,,,,,,,https://rogueweddings.com.au,,,,,,,,,,,,,,,,,,,,,,,,,,,,,,,,,,"wild, adventurous, film_style",hybrid,,,,,,,,,,,,,,,,AUD,,,,,,,,,,,,,,,,,,,,,,,,,google_search_2026_05,,20,A,FALSE,,TRUE,2026-05-07,"Wild, adventurous, and film-style photography."
PHOT-00014,ATEIA Photography,ateia-photography,,,,,,,,,,,Hunter Valley,NSW,,AU,,,Hunter Valley,,,,,,,,,,https://ateiaphotography.com.au,,,,,,,,,,,,,,,,,,,,,,,,,,,,,,,,editorial,,"editorial, timeless",,,,,,,,,,,,,,,,,AUD,,,,,,,,,,,,,,,,,,,,,,,,,google_search_2026_05,,20,A,FALSE,,TRUE,2026-05-07,Editorial and timeless approach.
PHOT-00015,Popcorn Photography,popcorn-photography,,,,,,,,,,,Newcastle,NSW,,AU,,,Newcastle,,,,,,,,,,https://popcornphotography.com.au,,,,,,,,,,,,,,,,,,,,,,,,,,,,,,,,,,"bright, fun",,,,,,,,,,,,,,,,,AUD,,,,,,,,,,,,,,,,,,,,,,,,,google_search_2026_05,,20,A,FALSE,,TRUE,2026-05-07,"Bright, fun, and highly professional."
PHOT-00016,Benedict Sutton,benedict-sutton,Benedict Sutton,,,,,,,,,,Newcastle,NSW,,AU,,,Newcastle,,,,,,,,,,https://benedictsutton.com.au,,,,,,,,,,,,,,,,,,,,,,,,,,,,,,,,,,"intimate, storytelling",,,,,,,,,,,,,,,,,AUD,,,,,,,,,,,,,,,,,,,,,,,,,google_search_2026_05,round_3_specialist_2026_05,25,A,FALSE,,TRUE,2026-05-07,"Intimate, storytelling-driven frames. WEBSITE NEEDS VERIFICATION. | R3: Moody shadows and intimate art."
PHOT-00017,James Bennett,james-bennett,James Bennett,,,,,,,,,,Hunter Valley,NSW,,AU,,,Hunter Valley,,,,,,,,,,https://jamesbennett.com.au,,,,,,,,,,,,,,,,,,,,,,,,,,,,,,,,documentary,,"documentary, light_shadow",,,,,,,,,,,,,,,,,AUD,,,,,,,,,,,,,,,,,,,,,,,,,google_search_2026_05,,20,A,FALSE,,TRUE,2026-05-07,Documentary style with focus on light and shadow. WEBSITE NEEDS VERIFICATION (generic domain).
PHOT-00018,Hungry Hearts,hungry-hearts,,,,,,,,,,,Hunter Valley,NSW,,AU,,,Hunter Valley,,,,,,,,,,https://hungryhearts.com.au,,,,,,,,,,,,,,,,,,,,,,,,,,,,,,,,,,"vibrant, emotional",,,,,,,,,,,,,,,,,AUD,,,,,,,,,,,,,,,,,,,,,,,,,google_search_2026_05,,20,A,FALSE,,TRUE,2026-05-07,Vibrant and emotionally resonant. WEBSITE NEEDS VERIFICATION.
PHOT-00019,GOYA Weddings,goya-weddings,,,,,,,,,,,Byron Bay,NSW,,AU,,,"Byron Bay, Gold Coast",,,,,,,,,,https://goyaweddings.com,,,,,,,,,,,,,,,,,,,,,,,,,,,,,,,,fine_art,,"cinematic, moody",,,,TRUE,TRUE,,,,,,,,,,,,AUD,,,,,,,,,,,,,,,,,,,,,,,,,google_search_2026_05,,20,A,FALSE,,TRUE,2026-05-07,Cinematic and moody; photo & film duo.
PHOT-00020,Nina Claire Photography,nina-claire-photography,Nina Claire,,,,,,,,,,Byron Bay,NSW,,AU,,,Byron Bay,,,,,,,,,,https://ninaclairephotography.com,,,,,,,,,,,,,,,,,,,,,,,,,,,,,,,,editorial,,"high_fashion, editorial, raw_emotion",,,,,,,,,,,,,,,,,AUD,,,,,,,,,,,,,,,,,,,,,,,,,google_search_2026_05,round_3_specialist_2026_05,25,A,FALSE,,TRUE,2026-05-07,High-fashion editorial meets raw emotion. | R3: Fashion-meets-indie film.
PHOT-00021,Bird and Boy Photography,bird-and-boy-photography,,,,,,,,,,,Tweed Coast,NSW,,AU,,,"Tweed Coast, Byron Bay",,,,,,,,,,https://birdandboyphotography.com.au,,,,,,,,,,,,,,,,,,,,,,,,,,,,,,,,,,"coastal, beach",,,,,,,,,,,,,,,,,AUD,,,,,,,,,,,,,,,,,,,,,,,,,google_search_2026_05,,20,A,FALSE,,TRUE,2026-05-07,Local experts on hidden beach gems.
PHOT-00022,My Kindred,my-kindred,,,,,,,,,,,Byron Bay,NSW,,AU,,,Byron Bay,,,,,,,,,,https://mykindred.com.au,,,,,,,,,,,,,,,,,,,,,,,,,,,,,,,,,,"soft, romantic, earthy",,,,,,,,,,,,,,,,,AUD,,,,,,,,,,,,,,,,,,,,,,,,,google_search_2026_05,,20,A,FALSE,,TRUE,2026-05-07,"Soft, romantic, and earthy tones."
PHOT-00023,Sam Wyper Photography,sam-wyper-photography,Sam Wyper,,,,,,,,,,Byron Bay,NSW,,AU,,,Byron Bay,,,,,,,,,,https://samwyperphotography.com,,,,,,,,,,,,,,,,,,,,,,,,,,,,,,,,,,"candid, natural",,,,,,,,,,,,,,,,,AUD,,,,,,,,,,,,,,,,,,,,,,,,,google_search_2026_05,,20,A,FALSE,,TRUE,2026-05-07,Highly experienced; candid and natural.
PHOT-00024,April Werz,april-werz,April Werz,,,,,15,,,,,Byron Bay,NSW,,AU,,,Byron Bay,,,,,,,,,,https://aprilwerz.com,,,,,,,,,,,,,,,,,,,,,,,,,,,,,,,,fine_art,,,,,,,,,,,,,,,,,,,AUD,,,,,,,,,,,,,,,,,,,,,,,,,google_search_2026_05,,20,A,FALSE,,TRUE,2026-05-07,Fine art background; 15+ years experience.
PHOT-00025,Celia Galpin,celia-galpin,Celia Galpin,,,,,,,,,,Byron Bay,NSW,,AU,,,Byron Bay,,,,,,,,,,https://celiagalpin.com,,,,,,,,,,,,,,,,,,,,,,,,,,,,,,,,,,"ocean, breezy, bright",,,,,,,,,,,,,,,,,AUD,,,,,,,,,,,,,,,,,,,,,,,,,google_search_2026_05,,20,A,FALSE,,TRUE,2026-05-07,"Ocean-inspired, breezy, and bright."
PHOT-00026,Emma Wise Photography,emma-wise-photography,Emma Wise,,,,,,,,,,Byron Bay,NSW,,AU,,,Byron Bay,,,,,,,,,,https://emmawisephotography.com,,,,,,,,,,,,,,,,,,,,,,,,,,,,,,,,,,"raw, earthy, honest",,,,,,,,,,,,,,,,,AUD,,,,,,,,,,,,,,,,,,,,,,,,,google_search_2026_05,,20,A,FALSE,,TRUE,2026-05-07,Raw and earthy; honest love.
PHOT-00027,Heart & Colour,heart-and-colour,,,,,,,,,,,Byron Bay,NSW,,AU,,,"Byron Bay, Gold Coast, International",,,,TRUE,TRUE,,,,,https://heartandcolour.com,,,,,,,,,,,,,,,,,,,,,,,,,,,,,,,,,,"clean, natural",,,,,,,,,,,,,,,,,AUD,,,,,,,,,,,,,,,,,,,,,,,,,google_search_2026_05,,20,A,FALSE,,TRUE,2026-05-07,"Clean, natural; internationally recognised. Listed twice in source — also under Gold Coast."
PHOT-00028,Clover Studios,clover-studios,,,,,,,,,,,Byron Bay,NSW,,AU,,,Byron Bay,,,,,,,,,,https://cloverstudios.com.au,,,,,,,,,,,,,,,,,,,,,,,,,,,,,,,,,,"romantic, candid",,,,,,,,,,,,,,,,,AUD,,,,,,,,,,,,,,,,,,,,,,,,,google_search_2026_05,,20,A,FALSE,,TRUE,2026-05-07,Highly romantic and candid.
PHOT-00029,Figtree Pictures,figtree-pictures,,,,,,,,,,,Brisbane,QLD,,AU,,,"Brisbane, Gold Coast",,,,,,,,,,https://figtreepictures.com,,,,,,,,,,,,,,,,,,,,,,,,,,,,,,,,,,"iconic, airy, romantic",,,,,,,,luxury,,,,,,,,,AUD,,,,,,,,,,,,,,,,,,,,,,,,,google_search_2026_05,,20,A,FALSE,,TRUE,2026-05-07,"Iconic, airy, and high-end romantic."
PHOT-00030,Soda Photography,soda-photography,,,,,,,,,,,Brisbane,QLD,,AU,,,Brisbane,,,,,,,,,,https://sodaphotography.com.au,,,,,,,,,,,,,,,,,,,,,,,,,,,,,,,,,,"creative, candid",,,,,,,,,,,,,,,,,AUD,,,,,,,,,,,,,,,,,,,,,,,,,google_search_2026_05,,20,A,FALSE,,TRUE,2026-05-07,"Creative, candid, and very professional."
PHOT-00031,Lucas & Co Photography,lucas-and-co-photography,,,,,,,,,,,Brisbane,QLD,,AU,,,Brisbane,,,,,,,,,,https://lucasandcophotography.com,,,,,,,,,,,,,,,,,,,,,,,,,,,,,,,,,,"cinematic, moody, film",hybrid,,,,,,,,,,,,,,,,AUD,,,,,,,,,,,,,,,,,,,,,,,,,google_search_2026_05,,20,A,FALSE,,TRUE,2026-05-07,Cinematic and moody; great for film lovers.
PHOT-00032,J'Adore Wedding Films,jadore-wedding-films,,,,,,,,,,,Gold Coast,QLD,,AU,,,Gold Coast,,,,,,,,,,https://jadoreweddings.com.au,,,,,,,,,,,,,,,,,,,,,,,,,,,,,,,,,,,,,,TRUE,TRUE,,,,,,,,,,,,AUD,,,,,,,,,,,,,,,,,,,,,,,,,google_search_2026_05,,20,A,FALSE,,TRUE,2026-05-07,High-production value photo & video. WEBSITE NEEDS VERIFICATION.
PHOT-00033,Evernew Studio,evernew-studio,,,,,,,,,,,Brisbane,QLD,,AU,,,Brisbane,,,,,,,,,,https://evernewstudio.com,,,,,,,,,,,,,,,,,,,,,,,,,,,,,,,,,,"artistic, luxe, storytelling",,,,,,,,luxury,,,,,,,,,AUD,,,,,,,,,,,,,,,,,,,,,,,,,google_search_2026_05,,20,A,FALSE,,TRUE,2026-05-07,Artistic storytelling with a luxe feel.
PHOT-00034,Wanderer and the Wild,wanderer-and-the-wild,,,,,,,,,,,Gold Coast,QLD,,AU,,,Gold Coast,,,,,,,,,,https://wandererandthewild.com,,,,,,,,,,,,,,,,,,,,,,,,,,,,,,,,,,"natural, adventurous, warm",,,,,,,,,,,,,,,,,AUD,,,,,,,,,,,,,,,,,,,,,,,,,google_search_2026_05,,20,A,FALSE,,TRUE,2026-05-07,"Natural, adventurous, and warm."
PHOT-00035,CloudCatcher Studio,cloudcatcher-studio,,,,,,,,,,,Brisbane,QLD,,AU,,,Brisbane,,,,,,,,,,https://cloudcatcher.studio,,,,,,,,,,,,,,,,,,,,,,,,,,,,,,,,,,"fun, vibrant, relaxed",,,,,,,,,,,,,,,,,AUD,,,,,,,,,,,,,,,,,,,,,,,,,google_search_2026_05,,20,A,FALSE,,TRUE,2026-05-07,"Fun, vibrant, and relaxed."
PHOT-00036,Allure Photography,allure-photography,,,,,,,,,,,Brisbane,QLD,,AU,,,Brisbane,,,,,,,,,,https://allurephotography.com.au,,,,,,,,,,,,,,,,,,,,,,,,,,,,,,,,,,"classic, timeless, elegant",,,,,,,,,,,,,,,,,AUD,,,,,,,,,,,,,,,,,,,,,,,,,google_search_2026_05,,20,A,FALSE,,TRUE,2026-05-07,"Classic, timeless, and elegant. NAME IS COMMON — VERIFY."
PHOT-00037,Leanne Handreck Photography,leanne-handreck-photography,Leanne Handreck,,,,,,,,,,Gold Coast,QLD,,AU,,,Gold Coast,,,,,,,,,,https://leannehandreckphotography.com.au,,,,,,,,,,,,,,,,,,,,,,,,,,,,,,,,,,"authentic, sunset",,,,,,,,,,,,,,,,,AUD,,,,,,,,,,,,,,,,,,,,,,,,,google_search_2026_05,,20,A,FALSE,,TRUE,2026-05-07,"Authentic, sunset-chasing imagery."
PHOT-00038,Ben & Hope Photography,ben-and-hope-photography,,,,,,,,,,,Brisbane,QLD,,AU,,,Brisbane,,,,,,,,,,https://benandhope.com.au,,,,,,,,,,,,,,,,,,,,,,,,,,,,,,,,documentary,,"documentary, light",,,,,,,,,,,,,,,,,AUD,,,,,,,,,,,,,,,,,,,,,,,,,google_search_2026_05,,20,A,FALSE,,TRUE,2026-05-07,Documentary style with a light touch.
PHOT-00039,Alan Hughes Photography,alan-hughes-photography,Alan Hughes,,,,,,,,,,Noosa,QLD,,AU,,,"Noosa, Sunshine Coast",,,,,,,,,,https://alanhughesphotography.com,,,,,,,,,,,,,,,,,,,,,,,,,,,,,,,,,,,,,,,,,,,,,,,,,,,AUD,,,,,,,,,,,,,,,,,,,,,,,,,google_search_2026_05,,20,A,FALSE,,TRUE,2026-05-07,Local legend; expert in Noosa light.
PHOT-00040,Life and Love Photography,life-and-love-photography,,,,,,,,,,,Sunshine Coast,QLD,,AU,,,Sunshine Coast,,,,,,,,,,https://lifeandlovephotography.com.au,,,,,,,,,,,,,,,,,,,,,,,,,,,,,,,,editorial,,"soft, feminine, high_fashion",,,,,,,,,,,,,,,,,AUD,,,,,,,,,,,,,,,,,,,,,,,,,google_search_2026_05,,20,A,FALSE,,TRUE,2026-05-07,"Soft, feminine, and high-fashion."
PHOT-00041,Lani Cathey,lani-cathey,Lani Cathey,,,,,,,,,,Sunshine Coast,QLD,,AU,,,Sunshine Coast,,,,,,,,,,https://lanicathey.com,,,,,,,,,,,,,,,,,,,,,,,,,,,,,,,,,,"raw, honest, candid",,,,,,,,,,,,,,,,,AUD,,,,,,,,,,,,,,,,,,,,,,,,,google_search_2026_05,round_3_specialist_2026_05,25,A,FALSE,,TRUE,2026-05-07,"Raw, honest, and incredibly candid. | R3: Raw, honest, and anti-pose."
PHOT-00042,Luke Middlemiss Photography,luke-middlemiss-photography,Luke Middlemiss,,,,,,,,,,Noosa,QLD,,AU,,,Noosa,,,,,,,,,,https://lukemiddlemiss.com,,,,,,,,,,,,,,,,,,,,,,,,,,,,,,,,,,"cinematic, award_winning",,,,,,,,,,,,,,,,,AUD,,,,,,,,,,,,,,,,,,Award-winning (unspecified),,,,,,,google_search_2026_05,,20,A,FALSE,,TRUE,2026-05-07,Award-winning cinematic style.
PHOT-00043,Mallory Sparkles,mallory-sparkles,,,,,,,,,,,Sunshine Coast,QLD,,AU,,,Sunshine Coast,,,,,,,,,,https://mallorysparkles.com,,,,,,,,,,,,,,,,,,,,,,,,,,,,,,,,,,"bright, colourful, joyful",,,,,,,,,,,,,,,,,AUD,,,,,,,,,,,,,,,,,,,,,,,,,google_search_2026_05,,20,A,FALSE,,TRUE,2026-05-07,"Bright, colourful, and joyful."
PHOT-00044,Matthew Evans Photography,matthew-evans-photography,Matthew Evans,,,,,,,,,,Cairns,QLD,,AU,,,"Cairns, Far North QLD",,,,,,,,,,https://matthewevans.com.au,,,,,,,,,,,,,,,,,,,,,,,,,,,,,,,,,,,,,,,,,,,,,,,,,,,AUD,,,,,,,,,,,,,,,,,,,,,,,,,google_search_2026_05,,20,A,FALSE,,TRUE,2026-05-07,Stunning tropical landscape portraits. NOTE: source had typo 'matthevevans.com.au' — likely matthewevans.com.au.
PHOT-00045,Twice Knotted,twice-knotted,,,,,,,,,,,Townsville,QLD,,AU,,,"Townsville, North QLD",,,,,,,,,,https://twiceknotted.com.au,,,,,,,,,,,,,,,,,,,,,,,,,,,,,,,,,,"moody, alternative, raw",,,,,,,,,,,,,,,,,AUD,,,,,,,,,,,,,,,,,,,,,,,,,google_search_2026_05,,20,A,FALSE,,TRUE,2026-05-07,"Moody, alternative, and raw."
PHOT-00046,Dani Drury Photography,dani-drury-photography,Dani Drury,,,,,,,,,,Rockhampton,QLD,,AU,,,"Rockhampton, Central QLD",,,,,,,,,,https://danidrury.com,,,,,,,,,,,,,,,,,,,,,,,,,,,,,,,,,,"rural, lifestyle, authentic",,,,,,,,,,,,,,,,,AUD,,,,,,,,,,,,,,,,,,,,,,,,,google_search_2026_05,,20,A,FALSE,,TRUE,2026-05-07,"Rural, lifestyle, and authentic."
PHOT-00047,Phoebe Jane Photography,phoebe-jane-photography,Phoebe Jane,,,,,,,,,,Port Douglas,QLD,,AU,,,"Cairns, Port Douglas",,,,,,,,,,https://phoebejanephotography.com,,,,,,,,,,,,,,,,,,,,,,,,,,,,,,,,,,"tropical, high_end",,,,,,,,luxury,,,,,,,,,AUD,,,,,,,,,,,,,,,,,,,,,,,,,google_search_2026_05,,20,A,FALSE,,TRUE,2026-05-07,High-end tropical wedding specialist.
PHOT-00048,Skye-Lee Photography,skye-lee-photography,,,,,,,,,,,Townsville,QLD,,AU,,,"Townsville, North QLD",,,,,,,,,,https://skyeleephotography.com.au,,,,,,,,,,,,,,,,,,,,,,,,,,,,,,,,,,"warm, golden_hour",,,,,,,,,,,,,,,,,AUD,,,,,,,,,,,,,,,,,,,,,,,,,google_search_2026_05,,20,A,FALSE,,TRUE,2026-05-07,"Warm, golden hour focused."
PHOT-00049,Stacey McLean Photography,stacey-mclean-photography,Stacey McLean,,,,,,,,,,Adelaide,SA,,AU,,,"Adelaide, SA",,,,,,,,,,https://staceymclean.com.au,,,,,,,,,,,,,,,,,,,,,,,,,,,,,,,,editorial,,"high_end, editorial, celebrity",,,,,,,,luxury,,,,,,,,,AUD,,,,,,,,,,,,,,,,,,,,,,,,,google_search_2026_05,,20,A,FALSE,,TRUE,2026-05-07,"High-end, editorial, and celebrity-trusted."
PHOT-00050,B Captured by Ky Luu,b-captured-by-ky-luu,Ky Luu,,,,,,,,,,Adelaide,SA,,AU,,,"Adelaide, SA",,,,,,,,,,https://bcaptured.com.au,,,,,,,,,,,,,,,,,,,,,,,,,,,,,,,,,,"dramatic, technical, award_winning",,,,,,,,,,,,,,,,,AUD,,,,,,,,,,,,,,,,,,,,,,,,,google_search_2026_05,,20,A,FALSE,,TRUE,2026-05-07,"Dramatic, award-winning, and highly technical."
PHOT-00051,Sven Studios,sven-studios,,,,,,,,,,,Adelaide,SA,,AU,,,"Adelaide, SA",,,,,,,,,,https://svenstudios.com,,,,,,,,,,,,,,,,,,,,,,,,,,,,,,,,,,"candid, fun, natural_light",,,,,,,,,,,,,,,,,AUD,,,,,,,,,,,,,,,,,,,,,,,,,google_search_2026_05,,20,A,FALSE,,TRUE,2026-05-07,"Candid, fun, and natural light experts."
PHOT-00052,Dan Evans Photography,dan-evans-photography,Dan Evans,,,,,,,,,,Adelaide,SA,,AU,,,"Adelaide, SA",,,,,,,,,,https://danevansphotography.com.au,,,,,,,,,,,,,,,,,,,,,,,,,,,,,,,,documentary,,"creative, documentary, modern",,,,,,,,,,,,,,,,,AUD,,,,,,,,,,,,,,,,,,,,,,,,,google_search_2026_05,round_3_specialist_2026_05,25,A,FALSE,,TRUE,2026-05-07,"Creative documentary with a modern edge. | R3: Modern, creative, and documentary."
PHOT-00053,Bentinmarcs,bentinmarcs,,,,,,15,,,,,Barossa Valley,SA,,AU,,,"Barossa Valley, Adelaide",,,,,,,,,,https://bentinmarcs.com,,,,,,,,,,,,,,,,,,,,,,,,,,,,,,,,,,"film, digital, hybrid",hybrid,,,,,,,,,,,,,,,,AUD,,,,,,,,,,,,,,,,,,,,,,,,,google_search_2026_05,,20,A,FALSE,,TRUE,2026-05-07,Blends old-school film with digital; 15+ years experience.
PHOT-00054,Luke Simon Photography,luke-simon-photography,Luke Simon,,,,,,,,,,Adelaide Hills,SA,,AU,,,"Adelaide Hills, Adelaide",,,,,,,,,,https://lukesimonphotography.com,,,,,,,,,,,,,,,,,,,,,,,,,,,,,,,,,,"timeless, elegant",,,,,,,,,,,,,,,,,AUD,,,,,,,,,,,,,,,,,,,,,,,,,google_search_2026_05,,20,A,FALSE,,TRUE,2026-05-07,Timeless elegance; highly sought after in the Hills.
PHOT-00055,Simon Bills Photography,simon-bills-photography,Simon Bills,,,,,,,,,,Adelaide,SA,,AU,,,"Adelaide, SA",,,,,,,,,,https://simonbills.com,,,,,,,,,,,,,,,,,,,,,,,,,,,,,,,,,,"light_hearted, genuine",,,,,,,,,,,,,,,,,AUD,,,,,,,,,,,,,,,,,,Multi-award winner (unspecified),,,,,,,google_search_2026_05,,20,A,FALSE,,TRUE,2026-05-07,Multi-award winner; light-hearted and genuine.
PHOT-00056,Blush & Pose Photography,blush-and-pose-photography,,,,,,,,,,,Adelaide,SA,,AU,,,"Adelaide, SA",,,,,,,,,,https://blushandposephotography.com.au,,,,,,,,,,,,,,,,,,,,,,,,,,,,,,,,fine_art,,"fine_art, soft, romantic",,,,,,,,,,,,,,,,,AUD,,,,,,,,,,,,,,,,,,,,,,,,,google_search_2026_05,,20,A,FALSE,,TRUE,2026-05-07,"Fine art, soft, and romantic aesthetic."
PHOT-00057,Heaps Good Photo Co,heaps-good-photo-co,,,,,,,,,,Old Reynella,Adelaide,SA,,AU,,,"Adelaide, SA",,,,,,,,,,https://heapsgood.com.au,,,,,,,,,,,,,,,,,,,,,,,,,,,,,,,,,,"fun, non_awkward, relaxed",,,,,,,,,,,,,,,,,AUD,,,,,,,,,,,,,,,,,,,,,,,,,google_search_2026_05,,20,A,FALSE,,TRUE,2026-05-07,Fun-loving humans; non-awkward posing. Brand name is also SA slang — verify entity.
PHOT-00058,James Field Photography,james-field-photography,James Field,,,,,,,,,Stirling,Adelaide Hills,SA,,AU,,,"Adelaide Hills, Adelaide",,,,,,,,,,https://jamesfieldphotography.com.au,,,,,,,,,,,,,,,,,,,,,,,,,,,,,,,,,,"natural, storytelling",,,,,,,,,,,,,,,,,AUD,,,,,,,,,,,,,,,,,,,,,,,,,google_search_2026_05,,20,A,FALSE,,TRUE,2026-05-07,Natural storytelling in the heart of the Hills.
PHOT-00059,Pictoniq,pictoniq,,,,,,,,,,,Perth,WA,,AU,,,"Perth, WA",,,,,,,,,,https://pictoniq.com.au,,,,,,,,,,,,,,,,,,,,,,,,,,,,,,,,editorial,,"editorial, polished, high_end",,,,,,,,luxury,,,,,,,,,AUD,,,,,,,,,,,,,,,,,,Ranked #1 Perth (5 years),,,,,,,google_search_2026_05,,20,A,FALSE,,TRUE,2026-05-07,Ranked #1 for 5 years; high-end editorial polish.
PHOT-00060,James Simmons Photography,james-simmons-photography,James Simmons,,,,,,,,,,Perth,WA,,AU,,,"Perth, WA",,,,,,,,,,https://jamessimmonsphotography.com.au,,,,,,,,,,,,,,,,,,,,,,,,,,,,,,,,,,"moody, dramatic, edgy, artistic",,,,,,,,,,,,,,,,,AUD,,,,,,,,,,,,,,,,,,,,,,,,,google_search_2026_05,round_3_specialist_2026_05,25,A,FALSE,,TRUE,2026-05-07,"Moody, dramatic shadows; edgy and artistic. | R3: Master of dramatic lighting and shadows."
PHOT-00061,Keeper Creative,keeper-creative,,,,,,,,,,,Perth,WA,,AU,,,"Perth, WA",,,,,,,,,,https://keepercreative.com.au,,,,,,,,,,,,,,,,,,,,,,,,,,,,,,,,,,"film, grainy, nostalgic, indie",hybrid,,,,,,,,,,,,,,,,AUD,,,,,,,,,,,,,,,,,,,,,,,,,google_search_2026_05,round_3_specialist_2026_05,25,A,FALSE,,TRUE,2026-05-07,"Grainy film and nostalgic indie vibes. | R3: Minimalist, cool, and highly artistic."
PHOT-00062,Kate Drennan Photography,kate-drennan-photography,Kate Drennan,,,,,,,,,,Perth,WA,,AU,,,"Perth, WA",,,,,,,,,,https://katedrennan.com,,,,,,,,,,,,,,,,,,,,,,,,,,,,,,,,,,"bright, airy, romantic",,,,,,,,,,,,,,,,,AUD,,,,,,,,,,,,,,,,,,,,,,,,,google_search_2026_05,,20,A,FALSE,,TRUE,2026-05-07,"Bright, airy, and hyper-romantic."
PHOT-00063,Adam Levi Browne Photography,adam-levi-browne-photography,Adam Levi Browne,,,,,,,,,,Perth,WA,,AU,,,"Perth, WA",,,,,,,,,,https://adamlevibrowne.com,,,,,,,,,,,,,,,,,,,,,,,,,,,,,,,,,,"high_energy, party",,,,,,,,,,,,,,,,,AUD,,,,,,,,,,,,,,,,,,,,,,,,,google_search_2026_05,,20,A,FALSE,,TRUE,2026-05-07,High energy; great for party receptions.
PHOT-00064,Jypsea Photography,jypsea-photography,,,,,,,,,,,Margaret River,WA,,AU,,,"Margaret River, South West WA",,,,,,,,,,https://jypsea.com.au,,,,,,,,,,,,,,,,,,,,,,,,,,,,,,,,,,"boho, earthy, untamed",,,,,,,,,,,,,,,,,AUD,,,,,,,,,,,,,,,,,,,,,,,,,google_search_2026_05,,20,A,FALSE,,TRUE,2026-05-07,"Boho, earthy, and untamed aesthetic."
PHOT-00065,Ella Otranto Photography,ella-otranto-photography,Ella Otranto,,,,,,,,,,Perth,WA,,AU,,,"Perth, WA",,,,,,,,,,https://ellaotranto.com.au,,,,,,,,,,,,,,,,,,,,,,,,,,,,,,,,,,"epic, landscape, sweeping",,,,,,,,,,,,,,,,,AUD,,,,,,,,,,,,,,,,,,,,,,,,,google_search_2026_05,,20,A,FALSE,,TRUE,2026-05-07,"Epic, sweeping landscape shots."
PHOT-00066,Paul Winzar Photography,paul-winzar-photography,Paul Winzar,,,,,14,,,,,Perth,WA,,AU,,,"Perth, WA",,,,,,,,,,https://paulwinzar.com,,,,,,,,,,,,,,,,,,,,,,,,,,,,,,,,,,"consistent, storytelling",,,,,,,,,,,,,,,,,AUD,,,,,,,,,,,,,,,,,,,,,,,,,google_search_2026_05,,20,A,FALSE,,TRUE,2026-05-07,"14+ years of consistent, high-quality storytelling."
PHOT-00067,West Creative (Sandie Bertrand),west-creative-(sandie-bertrand),Sandie Bertrand,,,,,,,,,,Swan Valley,WA,,AU,,,"Swan Valley, Perth",,,,,,,,,,https://westcreative.com.au,,,,,,,,,,,,,,,,,,,,,,,,,,,,,,,,,,"authentic, emotive",,,,,,,,,,,,,,,,,AUD,,,,,,,,,,,,,,,,,,,,,,,,,google_search_2026_05,,20,A,FALSE,,TRUE,2026-05-07,Authentic and emotive; Swan Valley specialist. Photographer name is Sandie Bertrand but trades as West Creative — verify.
PHOT-00068,Clements and the Fox,clements-and-the-fox,,,,,,,,,,,Perth,WA,,AU,,,"Perth, WA",,,,,,,,,,https://clementsandthefox.com,,,,,,,,,,,,,,,,,,,,,,,,,,,,,,,,documentary,,"intimate, artistic, documentary",,,,,,,,,,,,,,,,,AUD,,,,,,,,,,,,,,,,,,,,,,,,,google_search_2026_05,round_3_specialist_2026_05,25,A,FALSE,,TRUE,2026-05-07,"Intimate and artistic documentary style. | R3: Intimate, artistic, and quiet."
PHOT-00069,Jon Gazzignato Photography,jon-gazzignato-photography,Jon Gazzignato,,,,,,,,,,Hobart,TAS,,AU,,,"Hobart, Tasmania",,,,,,,,,,https://jongazzignato.com,,,,,,,,,,,,,,,,,,,,,,,,,,,,,,,,,,"moody, adventurous",,,,,,,,,,,,,,,,,AUD,,,,,,,,,,,,,,,,,,,,,,,,,google_search_2026_05,,20,A,FALSE,,TRUE,2026-05-07,Considered top-tier in TAS; moody and adventurous.
PHOT-00070,Kelsea Midson Photography,kelsea-midson-photography,Kelsea Midson,,,,,,,,,,Cradle Mountain,TAS,,AU,,,"Cradle Mountain, Tasmania",,,,TRUE,,,,,,https://kelseamidson.com,,,,,,,,,,,,,,,,,,,,,,,,,,,,,,,,,,"emotional, sincere, elopement",,,,,,,,,,,,,,,,,AUD,,,,,,,,,,,,,TRUE,,,,,,,,,,,,google_search_2026_05,round_3_specialist_2026_05,25,A,FALSE,,TRUE,2026-05-07,Emotional and sincere; specialist in elopements. | R3: Rugged wilderness and mountain elopements.
PHOT-00071,Two Blushing Pilgrims,two-blushing-pilgrims,,,,,,,,,,,Hobart,TAS,,AU,,,"Hobart, Tasmania",,,,,,,,,,https://twoblushingpilgrims.com,,,,,,,,,,,,,,,,,,,,,,,,,,,,,,,,,,"fun, quirky, vibrant",,,,,,,,,,,,,,,,,AUD,,,,,,,,,,,,,,,,,,,,,,,,,google_search_2026_05,round_3_specialist_2026_05,25,A,FALSE,,TRUE,2026-05-07,"Fun, quirky, and incredibly vibrant. | R3: Eccentric, bright, and fun."
PHOT-00072,Fred + Hannah,fred-+-hannah,,,,,,,2,,,,Hobart,TAS,,AU,,,"Hobart, Tasmania",,,,,,,,,,https://fredandhannah.com,,,,,,,,,,,,,,,,,,,,,,,,,,,,,,,,,,"cinematic, intimate, artistic",,,,,,,,,,,,,,,,,AUD,,,,,,,,,,,,,,,,,,,,,,,,,google_search_2026_05,round_3_specialist_2026_05,25,A,FALSE,,TRUE,2026-05-07,"Artistic duo; cinematic and intimate. | R3: Artistic, cinematic, and intimate."
PHOT-00073,Nina Hamilton Photography,nina-hamilton-photography,Nina Hamilton,,,,,,,,,,Hobart,TAS,,AU,,,"Hobart, Tasmania",,,,,,,,,,https://ninahamiltonphotography.com,,,,,,,,,,,,,,,,,,,,,,,,,,,,,,,,fine_art,,"fine_art, architectural",,,,,,,,,,,,,,,,,AUD,,,,,,,,,,,,,,,,,,,,,,,,,google_search_2026_05,,20,A,FALSE,,TRUE,2026-05-07,Fine art and architectural background.
PHOT-00074,House of Lucie,house-of-lucie,,,,,,,,,,,Melbourne,VIC,,AU,,,"Melbourne, International",,,,TRUE,TRUE,,,,,https://lucie.studio,,,,,,,,,,,,,,,,,,,,,,,,,,,,,,,,,,"dramatic, noir, high_fashion",,,,,,,,,,,,,,,,,AUD,,,,,,,,,,,,,,,,,,,,,,,,,round_3_specialist_2026_05,,20,A,FALSE,,TRUE,2026-05-07,"Dramatic, noir, and high-fashion. NOTE: Possibly same brand as 'Lucie Studio' (Tier B Sydney) — verify."
PHOT-00075,The Messy Archive,the-messy-archive,,,,,,,,,,,Sydney,NSW,,AU,,,Sydney,,,,,,,,,,https://themessyarchive.com,,,,,,,,,,,,,,,,,,,,,,,,,,,,,,,,,,"retro, 90s, cool_girl, nostalgic",,,,,,,,,,,,,,,,,AUD,,,,,,,,,,,,,,,,,,,,,,,,,round_3_specialist_2026_05,,20,A,FALSE,,TRUE,2026-05-07,Retro 'cool girl' vibes and 90s nostalgia.
PHOT-00076,Pash & Dash,pash-and-dash,,,,,,,,,,,Sydney,NSW,,AU,,,"Sydney, National",,,,,,,,,,https://pashanddash.com.au,,,,,,,,,,,,,,,,,,,,,,,,,,,,,,,,,,"quirky, fast_paced, city_elopement",,,,,,,,,,,,,,,,,AUD,,,,,,,,,,,,,TRUE,,,,,,,,,,,,round_3_specialist_2026_05,,20,A,FALSE,,TRUE,2026-05-07,"Specialists in quirky, fast-paced city elopements."
PHOT-00077,Stories by Ash,stories-by-ash,,,,,,,,,,,Brisbane,QLD,,AU,,,"Brisbane, International",,,,,TRUE,,,,,https://storiesbyash.com.au,,,,,,,,,,,,,,,,,,,,,,,,,,,,,,,,,,"poetic, emotive, non_traditional",,,,,,,,,,,,,,,,,AUD,,,,,,,,,,,,,,,,,,,,,,,,,round_3_specialist_2026_05,,20,A,FALSE,,TRUE,2026-05-07,"Deeply poetic, emotive, and non-traditional."
PHOT-00078,Beckon Media,beckon-media,,,,,,,,,,,Melbourne,VIC,,AU,,,Melbourne,,,,,,,,,,https://beckonmedia.com.au,,,,,,,,,,,,,,,,,,,,,,,,,,,,,,,,,,"urban, street_style",,,,,,,,,,,,,,,,,AUD,,,,,,,,,,,,,,,,,,,,,,,,,round_3_specialist_2026_05,google_search_2026_05,25,A,FALSE,,TRUE,2026-05-07,PROMOTED FROM TIER B (R3 verified website). Urban street-style photography for city weddings. NOTE: Was in NSW Tier B in v0.2 — promoted with corrected location.
PHOT-00079,Foy & Co,foy-and-co,,,,,,,,,,,Gold Coast,QLD,,AU,,,Gold Coast,,,,,,,,,,https://foyandco.com.au,,,,,,,,,,,,,,,,,,,,,,,,,,,,,,,,documentary,,"earthy, moody, raw, documentary",,,,,,,,,,,,,,,,,AUD,,,,,,,,,,,,,,,,,,,,,,,,,round_3_specialist_2026_05,google_search_2026_05,25,A,FALSE,,TRUE,2026-05-07,"PROMOTED FROM TIER B (R3 verified website). Earthy, moody, and raw documentary."
PHOT-00080,Zeb Scott,zeb-scott,Zeb Scott,,,,,,,,,,Melbourne,VIC,,AU,,,Melbourne,,,,,,,,,,https://zebscott.com.au,,,,,,,,,,,,,,,,,,,,,,,,,,,,,,,,,,"candid, artistic, unusual",,,,,,,,,,,,,,,,,AUD,,,,,,,,,,,,,,,,,,,,,,,,,round_3_specialist_2026_05,,20,A,FALSE,,TRUE,2026-05-07,"Candid, artistic, and beautifully strange moments."
PHOT-00081,Maple and June,maple-and-june,,,,,,,,,,,Blue Mountains,NSW,,AU,,,"Blue Mountains, Sydney",,,,,,,,,,https://mapleandjune.com.au,,,,,,,,,,,,,,,,,,,,,,,,,,,,,,,,,,"whimsical, forest, fairytale, indie",,,,,,,,,,,,,,,,,AUD,,,,,,,,,,,,,,,,,,,,,,,,,round_3_specialist_2026_05,,20,A,FALSE,,TRUE,2026-05-07,"Whimsical, forest-dwelling, fairytale-indie."
PHOT-00082,The Wolf & The Star,the-wolf-and-the-star,,,,,,,,,,,,QLD,,AU,,,Queensland,,,,,,,,,,https://thewolfandthestar.com,,,,,,,,,,,,,,,,,,,,,,,,,,,,,,,,,,"dreamy, adventurous, celestial",,,,,,,,,,,,,,,,,AUD,,,,,,,,,,,,,,,,,,,,,,,,,round_3_specialist_2026_05,,20,A,FALSE,,TRUE,2026-05-07,"Dreamy, adventurous, and celestial vibes."
PHOT-00083,Lover of Mine,lover-of-mine,,,,,,,,,,,,NSW,,AU,,,National,TRUE,,,,,,,,,https://loverofmine.com.au,,,,,,,,,,,,,,,,,,,,,,,,,,,,,,,,,,"edgy, cinematic, fashion_forward",,,,,,,,,,,,,,,,,AUD,,,,,,,,,,,,,,,,,,,,,,,,,round_3_specialist_2026_05,google_search_2026_05,25,A,FALSE,,TRUE,2026-05-07,"PROMOTED FROM TIER B (R3 verified website). Edgy, cinematic, and fashion-forward."
PHOT-00084,Jackson Grant,jackson-grant,Jackson Grant,,,,,,,,,,Geelong,VIC,,AU,,,"Geelong, Melbourne",,,,,,,,,,https://jacksongrant.co,,,,,,,,,,,,,,,,,,,,,,,,,,,,,,,,,,"high_energy, edgy, flash",,,,,,,,,,,,,,,,,AUD,,,,,,,,,,,,,,,,,,,,,,,,,round_3_specialist_2026_05,,20,A,FALSE,,TRUE,2026-05-07,"High-energy, edgy flash photography."
PHOT-00085,The Runaway Hearts,the-runaway-hearts,,,,,,,,,,,Melbourne,VIC,,AU,,,Melbourne,,,,,,,,,,https://therunawayhearts.com,,,,,,,,,,,,,,,,,,,,,,,,,,,,,,,,,,"rockstar, elopement, city_bars",,,,,,,,,,,,,,,,,AUD,,,,,,,,,,,,,TRUE,,,,,,,,,,,,round_3_specialist_2026_05,,20,A,FALSE,,TRUE,2026-05-07,Focused on rockstar elopements and city bars.
PHOT-00086,Stacie Marshall,stacie-marshall,Stacie Marshall,,,,,,,,,,Sunshine Coast,QLD,,AU,,,Sunshine Coast,,,,,,,,,,https://staciemarshall.com,,,,,,,,,,,,,,,,,,,,,,,,,,,,,,,,,,"fun, loud, candid",,,,,,,,,,,,,,,,,AUD,,,,,,,,,,,,,,,,,,,,,,,,,round_3_specialist_2026_05,,20,A,FALSE,,TRUE,2026-05-07,"Fun, loud, and incredibly candid."
PHOT-00087,One Spoon Two Spoon,one-spoon-two-spoon,,,,,,,,,,,,VIC,,AU,,,Victoria,,,,,,,,,,https://onespoontwospoon.com,,,,,,,,,,,,,,,,,,,,,,,,,,,,,,,,,,"quirky, colourful, fun",,,,,,,,,,,,,,,,,AUD,,,,,,,,,,,,,,,,,,,,,,,,,round_3_specialist_2026_05,,20,A,FALSE,,TRUE,2026-05-07,"Quirky, colourful, and fun-focused."
PHOT-00088,Wildhearted & Radical,wildhearted-and-radical,,,,,,,,,,,,QLD,,AU,,,National,TRUE,,,,,,,,,https://wildheartedandradical.com,,,,,,,,,,,,,,,,,,,,,,,,,,,,,,,,,,"untraditional, weird, alternative",,,,,,,,,,,,,,,,,AUD,,,,,,,,,,,,,,,,,,,,,,,,,round_3_specialist_2026_05,google_search_2026_05,25,A,FALSE,,TRUE,2026-05-07,"PROMOTED FROM TIER B (R3 verified website). Exclusively for untraditional, 'weird' weddings."
PHOT-00089,Kinship by Kristy,kinship-by-kristy,Kristy,,,,,,,,,,,VIC,,AU,,,Victoria,,,,,,,,,,https://kinshipbykristy.com.au,,,,,,,,,,,,,,,,,,,,,,,,,,,,,,,,,,"warm, retro, party",,,,,,,,,,,,,,,,,AUD,,,,,,,,,,,,,,,,,,,,,,,,,round_3_specialist_2026_05,,20,A,FALSE,,TRUE,2026-05-07,Warm tones and retro-party aesthetics.
PHOT-00090,Love Is Strange,love-is-strange,,,,,,,,,,,Sydney,NSW,,AU,,,Sydney,,,,,,,,,,https://loveisstrange.com.au,,,,,,,,,,,,,,,,,,,,,,,,,,,,,,,,,,"gritty, artistic, unique",,,,,,,,,,,,,,,,,AUD,,,,,,,,,,,,,,,,,,,,,,,,,round_3_specialist_2026_05,,20,A,FALSE,,TRUE,2026-05-07,"Gritty, artistic, and unique."
PHOT-00091,Brown Paper Parcel,brown-paper-parcel,,,,,,,,,,,Melbourne,VIC,,AU,,,Melbourne,,,,,,,,,,https://brownpaperparcel.com,,,,,,,,,,,,,,,,,,,,,,,,,,,,,,,,,,"soft, artistic, quiet, storytelling",,,,,,,,,,,,,,,,,AUD,,,,,,,,,,,,,,,,,,,,,,,,,round_3_specialist_2026_05,,20,A,FALSE,,TRUE,2026-05-07,"Soft, artistic, and quiet storytelling."
PHOT-00092,All My Wednesdays,all-my-wednesdays,,,,,,,,,,,,VIC,,AU,,,"Surf Coast, Victoria",,,,,,,,,,https://allmywednesdays.com.au,,,,,,,,,,,,,,,,,,,,,,,,,,,,,,,,,,"grainy, 35mm, film",film,,,,,,,,,,,,,,,,AUD,,,,,,,,,,,,,,,,,,,,,,,,,round_3_specialist_2026_05,,20,A,FALSE,,TRUE,2026-05-07,Grainy 35mm film specialist.
PHOT-00093,Lei Lei Clavey,lei-lei-clavey,Lei Lei Clavey,,,,,,,,,,Melbourne,VIC,,AU,,,Melbourne,,,,,,,,,,https://leileiclaveyphotography.com,,,,,,,,,,,,,,,,,,,,,,,,,,,,,,,,editorial,,"ultra_chic, editorial, minimalist",,,,,,,,,,,,,,,,,AUD,,,,,,,,,,,,,,,,,,,,,,,,,round_3_specialist_2026_05,,20,A,FALSE,,TRUE,2026-05-07,"Ultra-chic, editorial, and minimalist."
PHOT-00094,Lark & Bear,lark-and-bear,,,,,,,,,,,,TAS,,AU,,,Tasmania,,,,,,,,,,https://larkandbear.com.au,,,,,,,,,,,,,,,,,,,,,,,,,,,,,,,,,,"raw, moody, nature",,,,,,,,,,,,,,,,,AUD,,,,,,,,,,,,,,,,,,,,,,,,,round_3_specialist_2026_05,google_search_2026_05,25,A,FALSE,,TRUE,2026-05-07,"PROMOTED FROM TIER B (R3 verified website). Raw, moody, and nature-heavy."
PHOT-00095,Heart of the North,heart-of-the-north,,,,,,,,,,,Cairns,QLD,,AU,,,"Cairns, Far North QLD",,,,,,,,,,https://heartofthenorth.com.au,,,,,,,,,,,,,,,,,,,,,,,,,,,,,,,,,,"tropical, rainforest, reef, adventure",,,,,,,,,,,,,,,,,AUD,,,,,,,,,,,,,,,,,,,,,,,,,round_3_specialist_2026_05,,20,A,FALSE,,TRUE,2026-05-07,Tropical rainforest and reef adventure shots.
PHOT-00096,Wildwood,wildwood,,,,,,,,,,,Melbourne,VIC,,AU,,,Melbourne,,,,,,,,,,https://wildwoodphotography.com.au,,,,,,,,,,,,,,,,,,,,,,,,,,,,,,,,,,"atmospheric, earthy, forest",,,,,,,,,,,,,,,,,AUD,,,,,,,,,,,,,,,,,,,,,,,,,round_3_specialist_2026_05,google_search_2026_05,25,A,FALSE,,TRUE,2026-05-07,"PROMOTED FROM TIER B (R3 verified website). Atmospheric, earthy, and forest-focused. NOTE: Was in NSW Tier B in v0.2 — promoted with corrected location."
PHOT-00097,Northwest Photography,northwest-photography,,,,,,,,,,,,WA,,AU,,,"WA, Outback",,,,,,,,,,https://northwestphotography.com.au,,,,,,,,,,,,,,,,,,,,,,,,,,,,,,,,,,"red_dirt, rugged, outback, elopement",,,,,,,,,,,,,,,,,AUD,,,,,,,,,,,,,TRUE,,,,,,,,,,,,round_3_specialist_2026_05,,20,A,FALSE,,TRUE,2026-05-07,Red dirt and rugged outback elopements.
PHOT-00098,Tropical Exposure,tropical-exposure,,,,,,,,,,,Townsville,QLD,,AU,,,"Townsville, Tropical North QLD",,,,,,,,,,https://tropicalexposure.com.au,,,,,,,,,,,,,,,,,,,,,,,,,,,,,,,,,,"bold_colour, tropical, landscape",,,,,,,,,,,,,,,,,AUD,,,,,,,,,,,,,,,,,,,,,,,,,round_3_specialist_2026_05,google_search_2026_05,25,A,FALSE,,TRUE,2026-05-07,PROMOTED FROM TIER B (R3 verified website). Bold colours and tropical landscapes.
PHOT-00099,Across the Forest,across-the-forest,,,,,,,,,,,Sydney,NSW,,AU,,,"Sydney, NSW",,,,,,,,,,https://acrosstheforest.com.au,,,,,,,,,,,,,,,,,,,,,,,,,,,,,,,,,,"moody, dark, romantic, nature",,,,,,,,,,,,,,,,,AUD,,,,,,,,,,,,,,,,,,,,,,,,,round_3_specialist_2026_05,google_search_2026_05,25,A,FALSE,,TRUE,2026-05-07,"PROMOTED FROM TIER B (R3 verified website). Moody, dark, and romantic nature photography."
PHOT-00100,Copper & Co,copper-and-co,,,,,,,,,,,,QLD,,AU,,,QLD,,,,,,,,,,https://copperandco.com.au,,,,,,,,,,,,,,,,,,,,,,,,,,,,,,,,,,"warm, earthy, adventurous",,,,,,,,,,,,,,,,,AUD,,,,,,,,,,,,,,,,,,,,,,,,,round_3_specialist_2026_05,google_search_2026_05,25,A,FALSE,,TRUE,2026-05-07,"PROMOTED FROM TIER B (R3 verified website). Warm, earthy, and adventurous."
PHOT-00101,Grace and Gable,grace-and-gable,,,,,,,,,,,,QLD,,AU,,,Regional QLD,,,,,,,,,,https://graceandgable.com.au,,,,,,,,,,,,,,,,,,,,,,,,,,,,,,,,,,"rural, lifestyle, farm",,,,,,,,,,,,,,,,,AUD,,,,,,,,,,,,,,,,,,,,,,,,,round_3_specialist_2026_05,google_search_2026_05,25,A,FALSE,,TRUE,2026-05-07,PROMOTED FROM TIER B (R3 verified website). Rural lifestyle and farm-wedding specialists.
PHOT-00102,Gold & Grit,gold-and-grit,,,,,,,,,,,Melbourne,VIC,,AU,,,Melbourne,,,,,,,,,,https://goldandgrit.com.au,,,,,,,,,,,,,,,,,,,,,,,,,,,,,,,,,,"colourful, inclusive, non_boring",,,,,,,,,,,,,,,,,AUD,,,,,,,,,TRUE,,,,,,,,,,,,,,,,round_3_specialist_2026_05,,20,A,FALSE,,TRUE,2026-05-07,"Colourful, inclusive, and 'non-boring'."
PHOT-00103,Ginger and Mint,ginger-and-mint,,,,,,,,,,,Melbourne,VIC,,AU,,,Melbourne,,,,,,,,,,https://gingerandmint.com.au,,,,,,,,,,,,,,,,,,,,,,,,,,,,,,,,,,"indie_movie, sweet, quirky",,,,,,,,,,,,,,,,,AUD,,,,,,,,,,,,,,,,,,,,,,,,,round_3_specialist_2026_05,,20,A,FALSE,,TRUE,2026-05-07,"Indie-movie vibes and sweet, quirky moments."
PHOT-00104,Through The Looking Glass,through-the-looking-glass,,,,,,,,,,,Rockhampton,QLD,,AU,,,"Rockhampton, Central QLD",,,,,,,,,,https://ttlg.com.au,,,,,,,,,,,,,,,,,,,,,,,,,,,,,,,,,,"creative, themed, conceptual",,,,,,,,,,,,,,,,,AUD,,,,,,,,,,,,,,,,,,,,,,,,,round_3_specialist_2026_05,google_search_2026_05,25,A,FALSE,,TRUE,2026-05-07,"PROMOTED FROM TIER B (R3 verified website). Creative, themed, and conceptual."
PHOT-00105,Tale of Two,tale-of-two,,,,,,,,,,,Sunshine Coast,QLD,,AU,,,Sunshine Coast,,,,,,,,,,https://taleoftwo.com.au,,,,,,,,,,,,,,,,,,,,,,,,,,,,,,,,,,"fresh, young, lifestyle",,,,,,,,,,,,,,,,,AUD,,,,,,,,,,,,,,,,,,,,,,,,,round_3_specialist_2026_05,google_search_2026_05,25,A,FALSE,,TRUE,2026-05-07,"PROMOTED FROM TIER B (R3 verified website). Fresh, young, and lifestyle-focused."
PHOT-00106,White Fox,white-fox,,,,,,,,,,,Newcastle,NSW,,AU,,,Newcastle,,,,,,,,,,https://whitefox.club,,,,,,,,,,,,,,,,,,,,,,,,,,,,,,,,,,"modern, edgy, stylish",,,,,,,,,,,,,,,,,AUD,,,,,,,,,,,,,,,,,,,,,,,,,round_3_specialist_2026_05,google_search_2026_05,25,A,FALSE,,TRUE,2026-05-07,"PROMOTED FROM TIER B (R3 verified website). Modern, edgy, and stylish."
PHOT-00107,Kyra Boyer,kyra-boyer,,,,,,,,,,,Melbourne,VIC,,AU,,,"Melbourne, National",TRUE,,,TRUE,,,,,,https://kyraboyer.com,,,,,,,,,,,,,,,,,,,,,,,,,,,,,,,,documentary,,"pure_documentary, no_interruption",,,,,,,,,,,,,,,,,AUD,,,,,,,,,,,,,,,,,,,,,,,,,round_3_specialist_2026_05,google_search_2026_05,25,A,FALSE,,TRUE,2026-05-07,"PROMOTED FROM TIER B (R3 verified website). Pure documentary, no-interruptions style. NOTE: previously cross-regional travel specialist; now confirmed Melbourne-based."
PHOT-00108,Sass & Arrow,sass-and-arrow,,,,,,,,,,,,QLD,,AU,,,QLD,,,,,,,,,,https://sassandarrow.com.au,,,,,,,,,,,,,,,,,,,,,,,,,,,,,,,,,,"fun, bold, energetic",,,,,,,,,,,,,,,,,AUD,,,,,,,,,,,,,,,,,,,,,,,,,round_3_specialist_2026_05,google_search_2026_05,25,A,FALSE,,TRUE,2026-05-07,"PROMOTED FROM TIER B (R3 verified website). Fun, bold, and energetic."
PHOT-00109,Janneke Storm,janneke-storm,Janneke Storm,,,,,,,,,,,QLD,,AU,,,"Queensland, Sunshine Coast, International",,,,,TRUE,,,,,https://jannekestorm.com,,,,,,,,,,,,,,,,,,,,,,,,,,,,,,,,editorial,,"high_end, editorial, travel",,,,,,,,,,,,,,,,,AUD,,,,,,,,,,,,,,,,,,,,,,,,,round_3_specialist_2026_05,google_search_2026_05,25,A,FALSE,,TRUE,2026-05-07,PROMOTED FROM TIER B (R3 verified website). High-end editorial and travel-inspired.
PHOT-00110,Samm Blake,samm-blake,Samm Blake,,,,,,,,,,,,,AU,,,"National, International",TRUE,,,TRUE,TRUE,,,,,https://sammblakeweddings.com,,,,,,,,,,,,,,,,,,,,,,,,,,,,,,,,documentary,,"globally_renowned, documentary, art",,,,,,,,,,,,,,,,,AUD,,,,,,,,,,,,,,,,,,,,,,,,,round_3_specialist_2026_05,,20,A,FALSE,,TRUE,2026-05-07,Globally renowned documentary artist.
PHOT-00111,Mitch Pohl,mitch-pohl,Mitch Pohl,,,,,,,,,,,NSW,,AU,,,"NSW, Coastal",,,,,,,,,,https://mitchpohl.com.au,,,,,,,,,,,,,,,,,,,,,,,,,,,,,,,,,,"relaxed, effortless, coastal",,,,,,,,,,,,,,,,,AUD,,,,,,,,,,,,,,,,,,,,,,,,,round_3_specialist_2026_05,google_search_2026_05,25,A,FALSE,,TRUE,2026-05-07,"PROMOTED FROM TIER B (R3 verified website). Relaxed, effortless, and coastal-cool."
PHOT-00112,Lauren Campbell,lauren-campbell,Lauren Campbell,,,,,,,,,,Canberra,ACT,,AU,,,"Canberra, ACT",,,,,,,,,,https://laurencampbell.com.au,,,,,,,,,,,,,,,,,,,,,,,,,,,,,,,,,,"geometric, architectural, unique",,,,,,,,,,,,,,,,,AUD,,,,,,,,,,,,,,,,,,,,,,,,,round_3_specialist_2026_05,,20,A,FALSE,,TRUE,2026-05-07,"Geometric, architectural, and unique."
PHOT-00113,Shane Shepherd,shane-shepherd,Shane Shepherd,,,,,,,,,,Byron Bay,NSW,,AU,,,Byron Bay,,,,,,,,,,https://shaneshepherd.com,,,,,,,,,,,,,,,,,,,,,,,,,,,,,,,,,,"quirky, original, legendary",,,,,,,,,,,,,,,,,AUD,,,,,,,,,,,,,,,,,,,,,,,,,round_3_specialist_2026_05,google_search_2026_05,25,A,FALSE,,TRUE,2026-05-07,PROMOTED FROM TIER B (R3 verified website). The original 'cool' wedding photographer; legendary quirky style.
PHOT-00114,Salt Atelier,salt-atelier,,,,,,,,,,,,NSW,,AU,,,Sydney,,,,,,,,,,,,,,,,,,,,,,,,,,,,,,,,,,,,,,,,,,,,,,,,,,,,,,,,,,,,,AUD,,,,,,,,,,,,,,,,,,,,,,,,,google_search_2026_05,,5,B,FALSE,,TRUE,2026-05-07,TIER B — name only from Google list. May be hallucinated. Verify existence before any outreach.
PHOT-00115,Images by Kevin,images-by-kevin,,,,,,,,,,,,NSW,,AU,,,Sydney,,,,,,,,,,,,,,,,,,,,,,,,,,,,,,,,,,,,,,,,,,,,,,,,,,,,,,,,,,,,,AUD,,,,,,,,,,,,,,,,,,,,,,,,,google_search_2026_05,,5,B,FALSE,,TRUE,2026-05-07,TIER B — name only from Google list. May be hallucinated. Verify existence before any outreach.
PHOT-00116,Studio RL,studio-rl,,,,,,,,,,,,NSW,,AU,,,Sydney,,,,,,,,,,,,,,,,,,,,,,,,,,,,,,,,,,,,,,,,,,,,,,,,,,,,,,,,,,,,,AUD,,,,,,,,,,,,,,,,,,,,,,,,,google_search_2026_05,,5,B,FALSE,,TRUE,2026-05-07,TIER B — name only from Google list. May be hallucinated. Verify existence before any outreach.
PHOT-00117,We Are Origami,we-are-origami,,,,,,,,,,,,NSW,,AU,,,Sydney,,,,,,,,,,,,,,,,,,,,,,,,,,,,,,,,,,,,,,,,,,,,,,,,,,,,,,,,,,,,,AUD,,,,,,,,,,,,,,,,,,,,,,,,,google_search_2026_05,,5,B,FALSE,,TRUE,2026-05-07,TIER B — name only from Google list. May be hallucinated. Verify existence before any outreach.
PHOT-00118,Blumenthal Photography,blumenthal-photography,,,,,,,,,,,,NSW,,AU,,,Sydney,,,,,,,,,,,,,,,,,,,,,,,,,,,,,,,,,,,,,,,,,,,,,,,,,,,,,,,,,,,,,AUD,,,,,,,,,,,,,,,,,,,,,,,,,google_search_2026_05,,5,B,FALSE,,TRUE,2026-05-07,TIER B — name only from Google list. May be hallucinated. Verify existence before any outreach.
PHOT-00119,Zee & Cee,zee-and-cee,,,,,,,,,,,,NSW,,AU,,,Sydney,,,,,,,,,,,,,,,,,,,,,,,,,,,,,,,,,,,,,,,,,,,,,,,,,,,,,,,,,,,,,AUD,,,,,,,,,,,,,,,,,,,,,,,,,google_search_2026_05,,5,B,FALSE,,TRUE,2026-05-07,TIER B — name only from Google list. May be hallucinated. Verify existence before any outreach.
PHOT-00120,Rolling Canvas,rolling-canvas,,,,,,,,,,,,NSW,,AU,,,Sydney,,,,,,,,,,,,,,,,,,,,,,,,,,,,,,,,,,,,,,,,,,,,,,,,,,,,,,,,,,,,,AUD,,,,,,,,,,,,,,,,,,,,,,,,,google_search_2026_05,,5,B,FALSE,,TRUE,2026-05-07,TIER B — name only from Google list. May be hallucinated. Verify existence before any outreach.
PHOT-00121,Two Peaches Photography,two-peaches-photography,,,,,,,,,,,,NSW,,AU,,,Sydney,,,,,,,,,,,,,,,,,,,,,,,,,,,,,,,,,,,,,,,,,,,,,,,,,,,,,,,,,,,,,AUD,,,,,,,,,,,,,,,,,,,,,,,,,google_search_2026_05,,5,B,FALSE,,TRUE,2026-05-07,TIER B — name only from Google list. May be hallucinated. Verify existence before any outreach.
PHOT-00122,Serendipity Media,serendipity-media,,,,,,,,,,,,NSW,,AU,,,Sydney,,,,,,,,,,,,,,,,,,,,,,,,,,,,,,,,,,,,,,,,,,,,,,,,,,,,,,,,,,,,,AUD,,,,,,,,,,,,,,,,,,,,,,,,,google_search_2026_05,,5,B,FALSE,,TRUE,2026-05-07,TIER B — name only from Google list. May be hallucinated. Verify existence before any outreach.
PHOT-00123,Storytellers Wedding Co,storytellers-wedding-co,,,,,,,,,,,,NSW,,AU,,,Sydney,,,,,,,,,,,,,,,,,,,,,,,,,,,,,,,,,,,,,,,,,,,,,,,,,,,,,,,,,,,,,AUD,,,,,,,,,,,,,,,,,,,,,,,,,google_search_2026_05,,5,B,FALSE,,TRUE,2026-05-07,TIER B — name only from Google list. May be hallucinated. Verify existence before any outreach.
PHOT-00124,Better Together Photo Co,better-together-photo-co,,,,,,,,,,,,NSW,,AU,,,Sydney,,,,,,,,,,,,,,,,,,,,,,,,,,,,,,,,,,,,,,,,,,,,,,,,,,,,,,,,,,,,,AUD,,,,,,,,,,,,,,,,,,,,,,,,,google_search_2026_05,,5,B,FALSE,,TRUE,2026-05-07,TIER B — name only from Google list. May be hallucinated. Verify existence before any outreach.
PHOT-00125,Captured by Kirri,captured-by-kirri,,,,,,,,,,,,NSW,,AU,,,Sydney,,,,,,,,,,,,,,,,,,,,,,,,,,,,,,,,,,,,,,,,,,,,,,,,,,,,,,,,,,,,,AUD,,,,,,,,,,,,,,,,,,,,,,,,,google_search_2026_05,,5,B,FALSE,,TRUE,2026-05-07,TIER B — name only from Google list. May be hallucinated. Verify existence before any outreach.
PHOT-00126,Dreamlife Photo & Video,dreamlife-photo-and-video,,,,,,,,,,,,NSW,,AU,,,Sydney,,,,,,,,,,,,,,,,,,,,,,,,,,,,,,,,,,,,,,,,,,,,,,,,,,,,,,,,,,,,,AUD,,,,,,,,,,,,,,,,,,,,,,,,,google_search_2026_05,,5,B,FALSE,,TRUE,2026-05-07,TIER B — name only from Google list. May be hallucinated. Verify existence before any outreach.
PHOT-00127,Perfect Media,perfect-media,,,,,,,,,,,,NSW,,AU,,,Sydney,,,,,,,,,,,,,,,,,,,,,,,,,,,,,,,,,,,,,,,,,,,,,,,,,,,,,,,,,,,,,AUD,,,,,,,,,,,,,,,,,,,,,,,,,google_search_2026_05,,5,B,FALSE,,TRUE,2026-05-07,TIER B — name only from Google list. May be hallucinated. Verify existence before any outreach.
PHOT-00128,Milque Photography,milque-photography,,,,,,,,,,,,NSW,,AU,,,Sydney,,,,,,,,,,,,,,,,,,,,,,,,,,,,,,,,,,,,,,,,,,,,,,,,,,,,,,,,,,,,,AUD,,,,,,,,,,,,,,,,,,,,,,,,,google_search_2026_05,,5,B,FALSE,,TRUE,2026-05-07,TIER B — name only from Google list. May be hallucinated. Verify existence before any outreach.
PHOT-00129,Candid Frames,candid-frames,,,,,,,,,,,,NSW,,AU,,,Sydney,,,,,,,,,,,,,,,,,,,,,,,,,,,,,,,,,,,,,,,,,,,,,,,,,,,,,,,,,,,,,AUD,,,,,,,,,,,,,,,,,,,,,,,,,google_search_2026_05,,5,B,FALSE,,TRUE,2026-05-07,TIER B — name only from Google list. May be hallucinated. Verify existence before any outreach.
PHOT-00130,Love Is Light,love-is-light,,,,,,,,,,,,NSW,,AU,,,Sydney,,,,,,,,,,,,,,,,,,,,,,,,,,,,,,,,,,,,,,,,,,,,,,,,,,,,,,,,,,,,,AUD,,,,,,,,,,,,,,,,,,,,,,,,,google_search_2026_05,,5,B,FALSE,,TRUE,2026-05-07,TIER B — name only from Google list. May be hallucinated. Verify existence before any outreach.
PHOT-00131,Boutique Studio,boutique-studio,,,,,,,,,,,,NSW,,AU,,,Sydney,,,,,,,,,,,,,,,,,,,,,,,,,,,,,,,,,,,,,,,,,,,,,,,,,,,,,,,,,,,,,AUD,,,,,,,,,,,,,,,,,,,,,,,,,google_search_2026_05,,5,B,FALSE,,TRUE,2026-05-07,TIER B — name only from Google list. May be hallucinated. Verify existence before any outreach.
PHOT-00132,Wedding Soul,wedding-soul,,,,,,,,,,,,NSW,,AU,,,Sydney,,,,,,,,,,,,,,,,,,,,,,,,,,,,,,,,,,,,,,,,,,,,,,,,,,,,,,,,,,,,,AUD,,,,,,,,,,,,,,,,,,,,,,,,,google_search_2026_05,,5,B,FALSE,,TRUE,2026-05-07,TIER B — name only from Google list. May be hallucinated. Verify existence before any outreach.
PHOT-00133,de lune,de-lune,,,,,,,,,,,,NSW,,AU,,,"Newcastle, Hunter Valley",,,,,,,,,,,,,,,,,,,,,,,,,,,,,,,,,,,,,,,,,,,,,,,,,,,,,,,,,,,,,AUD,,,,,,,,,,,,,,,,,,,,,,,,,google_search_2026_05,,5,B,FALSE,,TRUE,2026-05-07,TIER B — name only from Google list. May be hallucinated. Verify existence before any outreach.
PHOT-00134,Muse Photography,muse-photography,,,,,,,,,,,,NSW,,AU,,,"Newcastle, Hunter Valley",,,,,,,,,,,,,,,,,,,,,,,,,,,,,,,,,,,,,,,,,,,,,,,,,,,,,,,,,,,,,AUD,,,,,,,,,,,,,,,,,,,,,,,,,google_search_2026_05,,5,B,FALSE,,TRUE,2026-05-07,TIER B — name only from Google list. May be hallucinated. Verify existence before any outreach.
PHOT-00135,Little Black Bow,little-black-bow,,,,,,,,,,,,NSW,,AU,,,"Newcastle, Hunter Valley",,,,,,,,,,,,,,,,,,,,,,,,,,,,,,,,,,,,,,,,,,,,,,,,,,,,,,,,,,,,,AUD,,,,,,,,,,,,,,,,,,,,,,,,,google_search_2026_05,,5,B,FALSE,,TRUE,2026-05-07,TIER B — name only from Google list. May be hallucinated. Verify existence before any outreach.
PHOT-00136,Curly Tree Photography,curly-tree-photography,,,,,,,,,,,,NSW,,AU,,,"Newcastle, Hunter Valley",,,,,,,,,,,,,,,,,,,,,,,,,,,,,,,,,,,,,,,,,,,,,,,,,,,,,,,,,,,,,AUD,,,,,,,,,,,,,,,,,,,,,,,,,google_search_2026_05,,5,B,FALSE,,TRUE,2026-05-07,TIER B — name only from Google list. May be hallucinated. Verify existence before any outreach.
PHOT-00137,Photography by Sarah,photography-by-sarah,,,,,,,,,,,,NSW,,AU,,,"Newcastle, Hunter Valley",,,,,,,,,,,,,,,,,,,,,,,,,,,,,,,,,,,,,,,,,,,,,,,,,,,,,,,,,,,,,AUD,,,,,,,,,,,,,,,,,,,,,,,,,google_search_2026_05,,5,B,FALSE,,TRUE,2026-05-07,TIER B — name only from Google list. May be hallucinated. Verify existence before any outreach.
PHOT-00138,Stories with Mel,stories-with-mel,,,,,,,,,,,,NSW,,AU,,,"Newcastle, Hunter Valley",,,,,,,,,,,,,,,,,,,,,,,,,,,,,,,,,,,,,,,,,,,,,,,,,,,,,,,,,,,,,AUD,,,,,,,,,,,,,,,,,,,,,,,,,google_search_2026_05,,5,B,FALSE,,TRUE,2026-05-07,TIER B — name only from Google list. May be hallucinated. Verify existence before any outreach.
PHOT-00139,Barefoot & Bearded,barefoot-and-bearded,,,,,,,,,,,,NSW,,AU,,,"Newcastle, Hunter Valley",,,,,,,,,,,,,,,,,,,,,,,,,,,,,,,,,,,,,,,,,,,,,,,,,,,,,,,,,,,,,AUD,,,,,,,,,,,,,,,,,,,,,,,,,google_search_2026_05,,5,B,FALSE,,TRUE,2026-05-07,TIER B — name only from Google list. May be hallucinated. Verify existence before any outreach.
PHOT-00140,The Salty Shutter,the-salty-shutter,,,,,,,,,,,,NSW,,AU,,,"Newcastle, Hunter Valley",,,,,,,,,,,,,,,,,,,,,,,,,,,,,,,,,,,,,,,,,,,,,,,,,,,,,,,,,,,,,AUD,,,,,,,,,,,,,,,,,,,,,,,,,google_search_2026_05,,5,B,FALSE,,TRUE,2026-05-07,TIER B — name only from Google list. May be hallucinated. Verify existence before any outreach.
PHOT-00141,Gold Hat Photography,gold-hat-photography,,,,,,,,,,,,NSW,,AU,,,"Newcastle, Hunter Valley",,,,,,,,,,,,,,,,,,,,,,,,,,,,,,,,,,,,,,,,,,,,,,,,,,,,,,,,,,,,,AUD,,,,,,,,,,,,,,,,,,,,,,,,,google_search_2026_05,,5,B,FALSE,,TRUE,2026-05-07,TIER B — name only from Google list. May be hallucinated. Verify existence before any outreach.
PHOT-00142,Wood & Bone,wood-and-bone,,,,,,,,,,,,NSW,,AU,,,"Newcastle, Hunter Valley",,,,,,,,,,,,,,,,,,,,,,,,,,,,,,,,,,,,,,,,,,,,,,,,,,,,,,,,,,,,,AUD,,,,,,,,,,,,,,,,,,,,,,,,,google_search_2026_05,,5,B,FALSE,,TRUE,2026-05-07,TIER B — name only from Google list. May be hallucinated. Verify existence before any outreach.
PHOT-00143,Idlewild Creative,idlewild-creative,,,,,,,,,,,,NSW,,AU,,,"Newcastle, Hunter Valley",,,,,,,,,,,,,,,,,,,,,,,,,,,,,,,,,,,,,,,,,,,,,,,,,,,,,,,,,,,,,AUD,,,,,,,,,,,,,,,,,,,,,,,,,google_search_2026_05,,5,B,FALSE,,TRUE,2026-05-07,TIER B — name only from Google list. May be hallucinated. Verify existence before any outreach.
PHOT-00144,Cloudherd Film & Photo,cloudherd-film-and-photo,,,,,,,,,,,,NSW,,AU,,,"Newcastle, Hunter Valley",,,,,,,,,,,,,,,,,,,,,,,,,,,,,,,,,,,,,,,,,,,,,,,,,,,,,,,,,,,,,AUD,,,,,,,,,,,,,,,,,,,,,,,,,google_search_2026_05,,5,B,FALSE,,TRUE,2026-05-07,TIER B — name only from Google list. May be hallucinated. Verify existence before any outreach.
PHOT-00145,Shutter + Co,shutter-plus-co,,,,,,,,,,,,NSW,,AU,,,"Newcastle, Hunter Valley",,,,,,,,,,,,,,,,,,,,,,,,,,,,,,,,,,,,,,,,,,,,,,,,,,,,,,,,,,,,,AUD,,,,,,,,,,,,,,,,,,,,,,,,,google_search_2026_05,,5,B,FALSE,,TRUE,2026-05-07,TIER B — name only from Google list. May be hallucinated. Verify existence before any outreach.
PHOT-00146,Hunter Valley Video,hunter-valley-video,,,,,,,,,,,,NSW,,AU,,,"Newcastle, Hunter Valley",,,,,,,,,,,,,,,,,,,,,,,,,,,,,,,,,,,,,,,,,,,,,,,,,,,,,,,,,,,,,AUD,,,,,,,,,,,,,,,,,,,,,,,,,google_search_2026_05,,5,B,FALSE,,TRUE,2026-05-07,TIER B — name only from Google list. May be hallucinated. Verify existence before any outreach.
PHOT-00147,Rawn & Pallow,rawn-and-pallow,,,,,,,,,,,,NSW,,AU,,,Byron Bay,,,,,,,,,,,,,,,,,,,,,,,,,,,,,,,,,,,,,,,,,,,,,,,,,,,,,,,,,,,,,AUD,,,,,,,,,,,,,,,,,,,,,,,,,google_search_2026_05,,5,B,FALSE,,TRUE,2026-05-07,TIER B — name only from Google list. May be hallucinated. Verify existence before any outreach.
PHOT-00148,Rabbit & The Bear,rabbit-and-the-bear,,,,,,,,,,,,NSW,,AU,,,Byron Bay,,,,,,,,,,,,,,,,,,,,,,,,,,,,,,,,,,,,,,,,,,,,,,,,,,,,,,,,,,,,,AUD,,,,,,,,,,,,,,,,,,,,,,,,,google_search_2026_05,,5,B,FALSE,,TRUE,2026-05-07,TIER B — name only from Google list. May be hallucinated. Verify existence before any outreach.
PHOT-00149,Mazzer Photographics,mazzer-photographics,,,,,,,,,,,,NSW,,AU,,,Byron Bay,,,,,,,,,,,,,,,,,,,,,,,,,,,,,,,,,,,,,,,,,,,,,,,,,,,,,,,,,,,,,AUD,,,,,,,,,,,,,,,,,,,,,,,,,google_search_2026_05,,5,B,FALSE,,TRUE,2026-05-07,TIER B — name only from Google list. May be hallucinated. Verify existence before any outreach.
PHOT-00150,Fontaine Photo,fontaine-photo,,,,,,,,,,,,NSW,,AU,,,Byron Bay,,,,,,,,,,,,,,,,,,,,,,,,,,,,,,,,,,,,,,,,,,,,,,,,,,,,,,,,,,,,,AUD,,,,,,,,,,,,,,,,,,,,,,,,,google_search_2026_05,,5,B,FALSE,,TRUE,2026-05-07,TIER B — name only from Google list. May be hallucinated. Verify existence before any outreach.
PHOT-00151,Nathan Lapham,nathan-lapham,,,,,,,,,,,,NSW,,AU,,,Byron Bay,,,,,,,,,,,,,,,,,,,,,,,,,,,,,,,,,,,,,,,,,,,,,,,,,,,,,,,,,,,,,AUD,,,,,,,,,,,,,,,,,,,,,,,,,google_search_2026_05,,5,B,FALSE,,TRUE,2026-05-07,TIER B — name only from Google list. May be hallucinated. Verify existence before any outreach.
PHOT-00152,Tropical Romance,tropical-romance,,,,,,,,,,,,NSW,,AU,,,Byron Bay,,,,,,,,,,,,,,,,,,,,,,,,,,,,,,,,,,,,,,,,,,,,,,,,,,,,,,,,,,,,,AUD,,,,,,,,,,,,,,,,,,,,,,,,,google_search_2026_05,,5,B,FALSE,,TRUE,2026-05-07,TIER B — name only from Google list. May be hallucinated. Verify existence before any outreach.
PHOT-00153,Wilde Visual,wilde-visual,,,,,,,,,,,,NSW,,AU,,,Byron Bay,,,,,,,,,,,,,,,,,,,,,,,,,,,,,,,,,,,,,,,,,,,,,,,,,,,,,,,,,,,,,AUD,,,,,,,,,,,,,,,,,,,,,,,,,google_search_2026_05,,5,B,FALSE,,TRUE,2026-05-07,TIER B — name only from Google list. May be hallucinated. Verify existence before any outreach.
PHOT-00154,Ivy Road Photography,ivy-road-photography,,,,,,,,,,,,NSW,,AU,,,Byron Bay,,,,,,,,,,,,,,,,,,,,,,,,,,,,,,,,,,,,,,,,,,,,,,,,,,,,,,,,,,,,,AUD,,,,,,,,,,,,,,,,,,,,,,,,,google_search_2026_05,,5,B,FALSE,,TRUE,2026-05-07,TIER B — name only from Google list. May be hallucinated. Verify existence before any outreach.
PHOT-00155,Mint Photography,mint-photography,,,,,,,,,,,,NSW,,AU,,,NSW (cross-regional),,,,,,,,,,,,,,,,,,,,,,,,,,,,,,,,,,,,,,,,,,,,,,,,,,,,,,,,,,,,,AUD,,,,,,,,,,,,,,,,,,,,,,,,,google_search_2026_05,,5,B,FALSE,,TRUE,2026-05-07,TIER B — name only from Google list. May be hallucinated. Verify existence before any outreach.
PHOT-00156,The Robertsons,the-robertsons,,,,,,,,,,,,NSW,,AU,,,NSW (cross-regional),,,,,,,,,,,,,,,,,,,,,,,,,,,,,,,,,,,,,,,,,,,,,,,,,,,,,,,,,,,,,AUD,,,,,,,,,,,,,,,,,,,,,,,,,google_search_2026_05,,5,B,FALSE,,TRUE,2026-05-07,TIER B — name only from Google list. May be hallucinated. Verify existence before any outreach.
PHOT-00157,Folk + Follow,folk-plus-follow,,,,,,,,,,,,NSW,,AU,,,NSW (cross-regional),,,,,,,,,,,,,,,,,,,,,,,,,,,,,,,,,,,,,,,,,,,,,,,,,,,,,,,,,,,,,AUD,,,,,,,,,,,,,,,,,,,,,,,,,google_search_2026_05,,5,B,FALSE,,TRUE,2026-05-07,TIER B — name only from Google list. May be hallucinated. Verify existence before any outreach.
PHOT-00158,Dan O'Day,dan-oday,,,,,,,,,,,,NSW,,AU,,,NSW (cross-regional),,,,,,,,,,,,,,,,,,,,,,,,,,,,,,,,,,,,,,,,,,,,,,,,,,,,,,,,,,,,,AUD,,,,,,,,,,,,,,,,,,,,,,,,,google_search_2026_05,,5,B,FALSE,,TRUE,2026-05-07,TIER B — name only from Google list. May be hallucinated. Verify existence before any outreach.
PHOT-00159,All Grown Up Weddings,all-grown-up-weddings,,,,,,,,,,,,NSW,,AU,,,NSW (cross-regional),,,,,,,,,,,,,,,,,,,,,,,,,,,,,,,,,,,,,,,,,,,,,,,,,,,,,,,,,,,,,AUD,,,,,,,,,,,,,,,,,,,,,,,,,google_search_2026_05,,5,B,FALSE,,TRUE,2026-05-07,TIER B — name only from Google list. May be hallucinated. Verify existence before any outreach.
PHOT-00160,Lucie Studio,lucie-studio,,,,,,,,,,,,NSW,,AU,,,NSW (cross-regional),,,,,,,,,,,,,,,,,,,,,,,,,,,,,,,,,,,,,,,,,,,,,,,,,,,,,,,,,,,,,AUD,,,,,,,,,,,,,,,,,,,,,,,,,google_search_2026_05,,5,B,FALSE,,TRUE,2026-05-07,"TIER B — possibly the same brand as 'House of Lucie' (Tier A, lucie.studio domain). Verify and merge if confirmed."
PHOT-00161,The Future Mrs,the-future-mrs,,,,,,,,,,,,NSW,,AU,,,NSW (cross-regional),,,,,,,,,,,,,,,,,,,,,,,,,,,,,,,,,,,,,,,,,,,,,,,,,,,,,,,,,,,,,AUD,,,,,,,,,,,,,,,,,,,,,,,,,google_search_2026_05,,5,B,FALSE,,TRUE,2026-05-07,TIER B — name only from Google list. May be hallucinated. Verify existence before any outreach.
PHOT-00162,Joey & Jett,joey-and-jett,,,,,,,,,,,,NSW,,AU,,,NSW (cross-regional),,,,,,,,,,,,,,,,,,,,,,,,,,,,,,,,,,,,,,,,,,,,,,,,,,,,,,,,,,,,,AUD,,,,,,,,,,,,,,,,,,,,,,,,,google_search_2026_05,,5,B,FALSE,,TRUE,2026-05-07,TIER B — name only from Google list. May be hallucinated. Verify existence before any outreach.
PHOT-00163,Moon & Back,moon-and-back,,,,,,,,,,,,NSW,,AU,,,NSW (cross-regional),,,,,,,,,,,,,,,,,,,,,,,,,,,,,,,,,,,,,,,,,,,,,,,,,,,,,,,,,,,,,AUD,,,,,,,,,,,,,,,,,,,,,,,,,google_search_2026_05,,5,B,FALSE,,TRUE,2026-05-07,TIER B — name only from Google list. May be hallucinated. Verify existence before any outreach.
PHOT-00164,Lost In Love,lost-in-love,,,,,,,,,,,,NSW,,AU,,,NSW (cross-regional),,,,,,,,,,,,,,,,,,,,,,,,,,,,,,,,,,,,,,,,,,,,,,,,,,,,,,,,,,,,,AUD,,,,,,,,,,,,,,,,,,,,,,,,,google_search_2026_05,,5,B,FALSE,,TRUE,2026-05-07,TIER B — name only from Google list. May be hallucinated. Verify existence before any outreach.
PHOT-00165,Salt & Sunbeam,salt-and-sunbeam,,,,,,,,,,,,NSW,,AU,,,NSW (cross-regional),,,,,,,,,,,,,,,,,,,,,,,,,,,,,,,,,,,,,,,,,,,,,,,,,,,,,,,,,,,,,AUD,,,,,,,,,,,,,,,,,,,,,,,,,google_search_2026_05,,5,B,FALSE,,TRUE,2026-05-07,TIER B — name only from Google list. May be hallucinated. Verify existence before any outreach.
PHOT-00166,Nomad Photography,nomad-photography,,,,,,,,,,,,NSW,,AU,,,NSW (cross-regional),,,,,,,,,,,,,,,,,,,,,,,,,,,,,,,,,,,,,,,,,,,,,,,,,,,,,,,,,,,,,AUD,,,,,,,,,,,,,,,,,,,,,,,,,google_search_2026_05,,5,B,FALSE,,TRUE,2026-05-07,TIER B — name only from Google list. May be hallucinated. Verify existence before any outreach.
PHOT-00167,Coastal Wedding Co,coastal-wedding-co,,,,,,,,,,,,NSW,,AU,,,NSW (cross-regional),,,,,,,,,,,,,,,,,,,,,,,,,,,,,,,,,,,,,,,,,,,,,,,,,,,,,,,,,,,,,AUD,,,,,,,,,,,,,,,,,,,,,,,,,google_search_2026_05,,5,B,FALSE,,TRUE,2026-05-07,TIER B — name only from Google list. May be hallucinated. Verify existence before any outreach.
PHOT-00168,Pacific Pictures,pacific-pictures,,,,,,,,,,,,NSW,,AU,,,NSW (cross-regional),,,,,,,,,,,,,,,,,,,,,,,,,,,,,,,,,,,,,,,,,,,,,,,,,,,,,,,,,,,,,AUD,,,,,,,,,,,,,,,,,,,,,,,,,google_search_2026_05,,5,B,FALSE,,TRUE,2026-05-07,TIER B — name only from Google list. May be hallucinated. Verify existence before any outreach.
PHOT-00169,Your Guardian Angel,your-guardian-angel,,,,,,,,,,,,QLD,,AU,,,"Brisbane, Gold Coast",,,,,,,,,,,,,,,,,,,,,,,,,,,,,,,,,,,,,,,,,,,,,,,,,,,,,,,,,,,,,AUD,,,,,,,,,,,,,,,,,,,,,,,,,google_search_2026_05,,5,B,FALSE,,TRUE,2026-05-07,TIER B — name only from Google list. May be hallucinated. Verify existence before any outreach.
PHOT-00170,Kirk Willcox,kirk-willcox,,,,,,,,,,,,QLD,,AU,,,"Brisbane, Gold Coast",,,,,,,,,,,,,,,,,,,,,,,,,,,,,,,,,,,,,,,,,,,,,,,,,,,,,,,,,,,,,AUD,,,,,,,,,,,,,,,,,,,,,,,,,google_search_2026_05,,5,B,FALSE,,TRUE,2026-05-07,TIER B — name only from Google list. May be hallucinated. Verify existence before any outreach.
PHOT-00171,Lovelens,lovelens,,,,,,,,,,,,QLD,,AU,,,"Brisbane, Gold Coast",,,,,,,,,,,,,,,,,,,,,,,,,,,,,,,,,,,,,,,,,,,,,,,,,,,,,,,,,,,,,AUD,,,,,,,,,,,,,,,,,,,,,,,,,google_search_2026_05,,5,B,FALSE,,TRUE,2026-05-07,TIER B — name only from Google list. May be hallucinated. Verify existence before any outreach.
PHOT-00172,Pineapple Images,pineapple-images,,,,,,,,,,,,QLD,,AU,,,"Brisbane, Gold Coast",,,,,,,,,,,,,,,,,,,,,,,,,,,,,,,,,,,,,,,,,,,,,,,,,,,,,,,,,,,,,AUD,,,,,,,,,,,,,,,,,,,,,,,,,google_search_2026_05,,5,B,FALSE,,TRUE,2026-05-07,TIER B — name only from Google list. May be hallucinated. Verify existence before any outreach.
PHOT-00173,Romana Saeheng,romana-saeheng,,,,,,,,,,,,QLD,,AU,,,"Brisbane, Gold Coast",,,,,,,,,,,,,,,,,,,,,,,,,,,,,,,,,,,,,,,,,,,,,,,,,,,,,,,,,,,,,AUD,,,,,,,,,,,,,,,,,,,,,,,,,google_search_2026_05,,5,B,FALSE,,TRUE,2026-05-07,TIER B — name only from Google list. May be hallucinated. Verify existence before any outreach.
PHOT-00174,Wildflower Weddings,wildflower-weddings,,,,,,,,,,,,QLD,,AU,,,"Brisbane, Gold Coast",,,,,,,,,,,,,,,,,,,,,,,,,,,,,,,,,,,,,,,,,,,,,,,,,,,,,,,,,,,,,AUD,,,,,,,,,,,,,,,,,,,,,,,,,google_search_2026_05,,5,B,FALSE,,TRUE,2026-05-07,TIER B — name only from Google list. May be hallucinated. Verify existence before any outreach.
PHOT-00175,Feather & Finch,feather-and-finch,,,,,,,,,,,,QLD,,AU,,,"Brisbane, Gold Coast",,,,,,,,,,,,,,,,,,,,,,,,,,,,,,,,,,,,,,,,,,,,,,,,,,,,,,,,,,,,,AUD,,,,,,,,,,,,,,,,,,,,,,,,,google_search_2026_05,,5,B,FALSE,,TRUE,2026-05-07,TIER B — name only from Google list. May be hallucinated. Verify existence before any outreach.
PHOT-00176,Trent & Jessie,trent-and-jessie,,,,,,,,,,,,QLD,,AU,,,"Brisbane, Gold Coast",,,,,,,,,,,,,,,,,,,,,,,,,,,,,,,,,,,,,,,,,,,,,,,,,,,,,,,,,,,,,AUD,,,,,,,,,,,,,,,,,,,,,,,,,google_search_2026_05,,5,B,FALSE,,TRUE,2026-05-07,TIER B — name only from Google list. May be hallucinated. Verify existence before any outreach.
PHOT-00177,Madelyn Rose,madelyn-rose,,,,,,,,,,,,QLD,,AU,,,"Brisbane, Gold Coast",,,,,,,,,,,,,,,,,,,,,,,,,,,,,,,,,,,,,,,,,,,,,,,,,,,,,,,,,,,,,AUD,,,,,,,,,,,,,,,,,,,,,,,,,google_search_2026_05,,5,B,FALSE,,TRUE,2026-05-07,TIER B — name only from Google list. May be hallucinated. Verify existence before any outreach.
PHOT-00178,Wylde Folk Studio,wylde-folk-studio,,,,,,,,,,,,QLD,,AU,,,"Brisbane, Gold Coast",,,,,,,,,,,,,,,,,,,,,,,,,,,,,,,,,,,,,,,,,,,,,,,,,,,,,,,,,,,,,AUD,,,,,,,,,,,,,,,,,,,,,,,,,google_search_2026_05,,5,B,FALSE,,TRUE,2026-05-07,TIER B — name only from Google list. May be hallucinated. Verify existence before any outreach.
PHOT-00179,Glass Slipper Photography,glass-slipper-photography,,,,,,,,,,,,QLD,,AU,,,"Brisbane, Gold Coast",,,,,,,,,,,,,,,,,,,,,,,,,,,,,,,,,,,,,,,,,,,,,,,,,,,,,,,,,,,,,AUD,,,,,,,,,,,,,,,,,,,,,,,,,google_search_2026_05,,5,B,FALSE,,TRUE,2026-05-07,TIER B — name only from Google list. May be hallucinated. Verify existence before any outreach.
PHOT-00180,Mitch Birchall Studios,mitch-birchall-studios,,,,,,,,,,,,QLD,,AU,,,"Brisbane, Gold Coast",,,,,,,,,,,,,,,,,,,,,,,,,,,,,,,,,,,,,,,,,,,,,,,,,,,,,,,,,,,,,AUD,,,,,,,,,,,,,,,,,,,,,,,,,google_search_2026_05,,5,B,FALSE,,TRUE,2026-05-07,TIER B — name only from Google list. May be hallucinated. Verify existence before any outreach.
PHOT-00181,True North Photography,true-north-photography,,,,,,,,,,,,QLD,,AU,,,"Brisbane, Gold Coast",,,,,,,,,,,,,,,,,,,,,,,,,,,,,,,,,,,,,,,,,,,,,,,,,,,,,,,,,,,,,AUD,,,,,,,,,,,,,,,,,,,,,,,,,google_search_2026_05,,5,B,FALSE,,TRUE,2026-05-07,TIER B — name only from Google list. May be hallucinated. Verify existence before any outreach.
PHOT-00182,Story Studio,story-studio,,,,,,,,,,,,QLD,,AU,,,"Brisbane, Gold Coast",,,,,,,,,,,,,,,,,,,,,,,,,,,,,,,,,,,,,,,,,,,,,,,,,,,,,,,,,,,,,AUD,,,,,,,,,,,,,,,,,,,,,,,,,google_search_2026_05,,5,B,FALSE,,TRUE,2026-05-07,TIER B — name only from Google list. May be hallucinated. Verify existence before any outreach.
PHOT-00183,Nicole Laufer,nicole-laufer,,,,,,,,,,,,QLD,,AU,,,"Brisbane, Gold Coast",,,,,,,,,,,,,,,,,,,,,,,,,,,,,,,,,,,,,,,,,,,,,,,,,,,,,,,,,,,,,AUD,,,,,,,,,,,,,,,,,,,,,,,,,google_search_2026_05,,5,B,FALSE,,TRUE,2026-05-07,TIER B — name only from Google list. May be hallucinated. Verify existence before any outreach.
PHOT-00184,Mario Colli,mario-colli,,,,,,,,,,,,QLD,,AU,,,"Brisbane, Gold Coast",,,,,,,,,,,,,,,,,,,,,,,,,,,,,,,,,,,,,,,,,,,,,,,,,,,,,,,,,,,,,AUD,,,,,,,,,,,,,,,,,,,,,,,,,google_search_2026_05,,5,B,FALSE,,TRUE,2026-05-07,TIER B — name only from Google list. May be hallucinated. Verify existence before any outreach.
PHOT-00185,Salt Media,salt-media,,,,,,,,,,,,QLD,,AU,,,"Brisbane, Gold Coast",,,,,,,,,,,,,,,,,,,,,,,,,,,,,,,,,,,,,,,,,,,,,,,,,,,,,,,,,,,,,AUD,,,,,,,,,,,,,,,,,,,,,,,,,google_search_2026_05,,5,B,FALSE,,TRUE,2026-05-07,TIER B — name only from Google list. May be hallucinated. Verify existence before any outreach.
PHOT-00186,Vivid Photography,vivid-photography,,,,,,,,,,,,QLD,,AU,,,"Brisbane, Gold Coast",,,,,,,,,,,,,,,,,,,,,,,,,,,,,,,,,,,,,,,,,,,,,,,,,,,,,,,,,,,,,AUD,,,,,,,,,,,,,,,,,,,,,,,,,google_search_2026_05,,5,B,FALSE,,TRUE,2026-05-07,TIER B — name only from Google list. May be hallucinated. Verify existence before any outreach.
PHOT-00187,Ash & Stone,ash-and-stone,,,,,,,,,,,,QLD,,AU,,,"Sunshine Coast, Noosa",,,,,,,,,,,,,,,,,,,,,,,,,,,,,,,,,,,,,,,,,,,,,,,,,,,,,,,,,,,,,AUD,,,,,,,,,,,,,,,,,,,,,,,,,google_search_2026_05,,5,B,FALSE,,TRUE,2026-05-07,TIER B — name only from Google list. May be hallucinated. Verify existence before any outreach.
PHOT-00188,Emma Nayler,emma-nayler,,,,,,,,,,,,QLD,,AU,,,"Sunshine Coast, Noosa",,,,,,,,,,,,,,,,,,,,,,,,,,,,,,,,,,,,,,,,,,,,,,,,,,,,,,,,,,,,,AUD,,,,,,,,,,,,,,,,,,,,,,,,,google_search_2026_05,,5,B,FALSE,,TRUE,2026-05-07,TIER B — name only from Google list. May be hallucinated. Verify existence before any outreach.
PHOT-00189,BXCSMSCH,bxcsmsch,,,,,,,,,,,,QLD,,AU,,,"Sunshine Coast, Noosa",,,,,,,,,,,,,,,,,,,,,,,,,,,,,,,,,,,,,,,,,,,,,,,,,,,,,,,,,,,,,AUD,,,,,,,,,,,,,,,,,,,,,,,,,google_search_2026_05,,5,B,FALSE,,TRUE,2026-05-07,TIER B — name only from Google list. May be hallucinated. Verify existence before any outreach.
PHOT-00190,Andrea Sproxton,andrea-sproxton,,,,,,,,,,,,QLD,,AU,,,"Sunshine Coast, Noosa",,,,,,,,,,,,,,,,,,,,,,,,,,,,,,,,,,,,,,,,,,,,,,,,,,,,,,,,,,,,,AUD,,,,,,,,,,,,,,,,,,,,,,,,,google_search_2026_05,,5,B,FALSE,,TRUE,2026-05-07,TIER B — name only from Google list. May be hallucinated. Verify existence before any outreach.
PHOT-00191,Adriana Watson,adriana-watson,,,,,,,,,,,,QLD,,AU,,,"Sunshine Coast, Noosa",,,,,,,,,,,,,,,,,,,,,,,,,,,,,,,,,,,,,,,,,,,,,,,,,,,,,,,,,,,,,AUD,,,,,,,,,,,,,,,,,,,,,,,,,google_search_2026_05,,5,B,FALSE,,TRUE,2026-05-07,TIER B — name only from Google list. May be hallucinated. Verify existence before any outreach.
PHOT-00192,Tawny Photography,tawny-photography,,,,,,,,,,,,QLD,,AU,,,"Sunshine Coast, Noosa",,,,,,,,,,,,,,,,,,,,,,,,,,,,,,,,,,,,,,,,,,,,,,,,,,,,,,,,,,,,,AUD,,,,,,,,,,,,,,,,,,,,,,,,,google_search_2026_05,,5,B,FALSE,,TRUE,2026-05-07,TIER B — name only from Google list. May be hallucinated. Verify existence before any outreach.
PHOT-00193,Calli B,calli-b,,,,,,,,,,,,QLD,,AU,,,"Sunshine Coast, Noosa",,,,,,,,,,,,,,,,,,,,,,,,,,,,,,,,,,,,,,,,,,,,,,,,,,,,,,,,,,,,,AUD,,,,,,,,,,,,,,,,,,,,,,,,,google_search_2026_05,,5,B,FALSE,,TRUE,2026-05-07,TIER B — name only from Google list. May be hallucinated. Verify existence before any outreach.
PHOT-00194,Nicola Holland,nicola-holland,,,,,,,,,,,,QLD,,AU,,,"Sunshine Coast, Noosa",,,,,,,,,,,,,,,,,,,,,,,,,,,,,,,,,,,,,,,,,,,,,,,,,,,,,,,,,,,,,AUD,,,,,,,,,,,,,,,,,,,,,,,,,google_search_2026_05,,5,B,FALSE,,TRUE,2026-05-07,TIER B — name only from Google list. May be hallucinated. Verify existence before any outreach.
PHOT-00195,Shae Estella,shae-estella,,,,,,,,,,,,QLD,,AU,,,"Sunshine Coast, Noosa",,,,,,,,,,,,,,,,,,,,,,,,,,,,,,,,,,,,,,,,,,,,,,,,,,,,,,,,,,,,,AUD,,,,,,,,,,,,,,,,,,,,,,,,,google_search_2026_05,,5,B,FALSE,,TRUE,2026-05-07,TIER B — name only from Google list. May be hallucinated. Verify existence before any outreach.
PHOT-00196,Lou O'Brien,lou-obrien,,,,,,,,,,,,QLD,,AU,,,"Sunshine Coast, Noosa",,,,,,,,,,,,,,,,,,,,,,,,,,,,,,,,,,,,,,,,,,,,,,,,,,,,,,,,,,,,,AUD,,,,,,,,,,,,,,,,,,,,,,,,,google_search_2026_05,,5,B,FALSE,,TRUE,2026-05-07,TIER B — name only from Google list. May be hallucinated. Verify existence before any outreach.
PHOT-00197,Sunshine Coast Photography,sunshine-coast-photography,,,,,,,,,,,,QLD,,AU,,,"Sunshine Coast, Noosa",,,,,,,,,,,,,,,,,,,,,,,,,,,,,,,,,,,,,,,,,,,,,,,,,,,,,,,,,,,,,AUD,,,,,,,,,,,,,,,,,,,,,,,,,google_search_2026_05,,5,B,FALSE,,TRUE,2026-05-07,TIER B — name only from Google list. May be hallucinated. Verify existence before any outreach.
PHOT-00198,Noosa Wedding Co,noosa-wedding-co,,,,,,,,,,,,QLD,,AU,,,"Sunshine Coast, Noosa",,,,,,,,,,,,,,,,,,,,,,,,,,,,,,,,,,,,,,,,,,,,,,,,,,,,,,,,,,,,,AUD,,,,,,,,,,,,,,,,,,,,,,,,,google_search_2026_05,,5,B,FALSE,,TRUE,2026-05-07,TIER B — name only from Google list. May be hallucinated. Verify existence before any outreach.
PHOT-00199,Pavey Photography,pavey-photography,,,,,,,,,,,,QLD,,AU,,,"Sunshine Coast, Noosa",,,,,,,,,,,,,,,,,,,,,,,,,,,,,,,,,,,,,,,,,,,,,,,,,,,,,,,,,,,,,AUD,,,,,,,,,,,,,,,,,,,,,,,,,google_search_2026_05,,5,B,FALSE,,TRUE,2026-05-07,TIER B — name only from Google list. May be hallucinated. Verify existence before any outreach.
PHOT-00200,Map and Compass,map-and-compass,,,,,,,,,,,,QLD,,AU,,,"Sunshine Coast, Noosa",,,,,,,,,,,,,,,,,,,,,,,,,,,,,,,,,,,,,,,,,,,,,,,,,,,,,,,,,,,,,AUD,,,,,,,,,,,,,,,,,,,,,,,,,google_search_2026_05,,5,B,FALSE,,TRUE,2026-05-07,TIER B — name only from Google list. May be hallucinated. Verify existence before any outreach.
PHOT-00201,Poppy and Sage,poppy-and-sage,,,,,,,,,,,,QLD,,AU,,,"Sunshine Coast, Noosa",,,,,,,,,,,,,,,,,,,,,,,,,,,,,,,,,,,,,,,,,,,,,,,,,,,,,,,,,,,,,AUD,,,,,,,,,,,,,,,,,,,,,,,,,google_search_2026_05,,5,B,FALSE,,TRUE,2026-05-07,TIER B — name only from Google list. May be hallucinated. Verify existence before any outreach.
PHOT-00202,Just Wedding Photography,just-wedding-photography,,,,,,,,,,,,QLD,,AU,,,"Sunshine Coast, Noosa",,,,,,,,,,,,,,,,,,,,,,,,,,,,,,,,,,,,,,,,,,,,,,,,,,,,,,,,,,,,,AUD,,,,,,,,,,,,,,,,,,,,,,,,,google_search_2026_05,,5,B,FALSE,,TRUE,2026-05-07,TIER B — name only from Google list. May be hallucinated. Verify existence before any outreach.
PHOT-00203,Sunny Coast Photos,sunny-coast-photos,,,,,,,,,,,,QLD,,AU,,,"Sunshine Coast, Noosa",,,,,,,,,,,,,,,,,,,,,,,,,,,,,,,,,,,,,,,,,,,,,,,,,,,,,,,,,,,,,AUD,,,,,,,,,,,,,,,,,,,,,,,,,google_search_2026_05,,5,B,FALSE,,TRUE,2026-05-07,TIER B — name only from Google list. May be hallucinated. Verify existence before any outreach.
PHOT-00204,Willow and Wolf,willow-and-wolf,,,,,,,,,,,,QLD,,AU,,,"Sunshine Coast, Noosa",,,,,,,,,,,,,,,,,,,,,,,,,,,,,,,,,,,,,,,,,,,,,,,,,,,,,,,,,,,,,AUD,,,,,,,,,,,,,,,,,,,,,,,,,google_search_2026_05,,5,B,FALSE,,TRUE,2026-05-07,TIER B — name only from Google list. May be hallucinated. Verify existence before any outreach.
PHOT-00205,Indigo Photography,indigo-photography,,,,,,,,,,,,QLD,,AU,,,Regional QLD,,,,,,,,,,,,,,,,,,,,,,,,,,,,,,,,,,,,,,,,,,,,,,,,,,,,,,,,,,,,,AUD,,,,,,,,,,,,,,,,,,,,,,,,,google_search_2026_05,,5,B,FALSE,,TRUE,2026-05-07,TIER B — name only from Google list. May be hallucinated. Verify existence before any outreach.
PHOT-00206,Wild Flower Portraits,wild-flower-portraits,,,,,,,,,,,,QLD,,AU,,,Regional QLD,,,,,,,,,,,,,,,,,,,,,,,,,,,,,,,,,,,,,,,,,,,,,,,,,,,,,,,,,,,,,AUD,,,,,,,,,,,,,,,,,,,,,,,,,google_search_2026_05,,5,B,FALSE,,TRUE,2026-05-07,TIER B — name only from Google list. May be hallucinated. Verify existence before any outreach.
PHOT-00207,Madelyn Holmes,madelyn-holmes,,,,,,,,,,,,QLD,,AU,,,Regional QLD,,,,,,,,,,,,,,,,,,,,,,,,,,,,,,,,,,,,,,,,,,,,,,,,,,,,,,,,,,,,,AUD,,,,,,,,,,,,,,,,,,,,,,,,,google_search_2026_05,,5,B,FALSE,,TRUE,2026-05-07,TIER B — name only from Google list. May be hallucinated. Verify existence before any outreach.
PHOT-00208,Blue Sky Photography,blue-sky-photography,,,,,,,,,,,,QLD,,AU,,,Regional QLD,,,,,,,,,,,,,,,,,,,,,,,,,,,,,,,,,,,,,,,,,,,,,,,,,,,,,,,,,,,,,AUD,,,,,,,,,,,,,,,,,,,,,,,,,google_search_2026_05,,5,B,FALSE,,TRUE,2026-05-07,TIER B — name only from Google list. May be hallucinated. Verify existence before any outreach.
PHOT-00209,Sarah J,sarah-j,,,,,,,,,,,,QLD,,AU,,,Regional QLD,,,,,,,,,,,,,,,,,,,,,,,,,,,,,,,,,,,,,,,,,,,,,,,,,,,,,,,,,,,,,AUD,,,,,,,,,,,,,,,,,,,,,,,,,google_search_2026_05,,5,B,FALSE,,TRUE,2026-05-07,TIER B — name only from Google list. May be hallucinated. Verify existence before any outreach.
PHOT-00210,Tulloch Photography,tulloch-photography,,,,,,,,,,,,QLD,,AU,,,Regional QLD,,,,,,,,,,,,,,,,,,,,,,,,,,,,,,,,,,,,,,,,,,,,,,,,,,,,,,,,,,,,,AUD,,,,,,,,,,,,,,,,,,,,,,,,,google_search_2026_05,,5,B,FALSE,,TRUE,2026-05-07,TIER B — name only from Google list. May be hallucinated. Verify existence before any outreach.
PHOT-00211,Captured by Keryn,captured-by-keryn,,,,,,,,,,,,QLD,,AU,,,Regional QLD,,,,,,,,,,,,,,,,,,,,,,,,,,,,,,,,,,,,,,,,,,,,,,,,,,,,,,,,,,,,,AUD,,,,,,,,,,,,,,,,,,,,,,,,,google_search_2026_05,,5,B,FALSE,,TRUE,2026-05-07,TIER B — name only from Google list. May be hallucinated. Verify existence before any outreach.
PHOT-00212,Kellie-Ann,kellie-ann,,,,,,,,,,,,QLD,,AU,,,Regional QLD,,,,,,,,,,,,,,,,,,,,,,,,,,,,,,,,,,,,,,,,,,,,,,,,,,,,,,,,,,,,,AUD,,,,,,,,,,,,,,,,,,,,,,,,,google_search_2026_05,,5,B,FALSE,,TRUE,2026-05-07,TIER B — name only from Google list. May be hallucinated. Verify existence before any outreach.
PHOT-00213,Little White Wedding Photography,little-white-wedding-photography,,,,,,,,,,,,QLD,,AU,,,Regional QLD,,,,,,,,,,,,,,,,,,,,,,,,,,,,,,,,,,,,,,,,,,,,,,,,,,,,,,,,,,,,,AUD,,,,,,,,,,,,,,,,,,,,,,,,,google_search_2026_05,,5,B,FALSE,,TRUE,2026-05-07,TIER B — name only from Google list. May be hallucinated. Verify existence before any outreach.
PHOT-00214,North Queensland Photography,north-queensland-photography,,,,,,,,,,,,QLD,,AU,,,Regional QLD,,,,,,,,,,,,,,,,,,,,,,,,,,,,,,,,,,,,,,,,,,,,,,,,,,,,,,,,,,,,,AUD,,,,,,,,,,,,,,,,,,,,,,,,,google_search_2026_05,,5,B,FALSE,,TRUE,2026-05-07,TIER B — name only from Google list. May be hallucinated. Verify existence before any outreach.
PHOT-00215,VisualCaptures,visualcaptures,,,,,,,,,,,,QLD,,AU,,,Regional QLD,,,,,,,,,,,,,,,,,,,,,,,,,,,,,,,,,,,,,,,,,,,,,,,,,,,,,,,,,,,,,AUD,,,,,,,,,,,,,,,,,,,,,,,,,google_search_2026_05,,5,B,FALSE,,TRUE,2026-05-07,TIER B — name only from Google list. May be hallucinated. Verify existence before any outreach.
PHOT-00216,Insight Creative,insight-creative,,,,,,,,,,,,QLD,,AU,,,Regional QLD,,,,,,,,,,,,,,,,,,,,,,,,,,,,,,,,,,,,,,,,,,,,,,,,,,,,,,,,,,,,,AUD,,,,,,,,,,,,,,,,,,,,,,,,,google_search_2026_05,,5,B,FALSE,,TRUE,2026-05-07,TIER B — name only from Google list. May be hallucinated. Verify existence before any outreach.
PHOT-00217,Lizzy H,lizzy-h,,,,,,,,,,,,QLD,,AU,,,Regional QLD,,,,,,,,,,,,,,,,,,,,,,,,,,,,,,,,,,,,,,,,,,,,,,,,,,,,,,,,,,,,,AUD,,,,,,,,,,,,,,,,,,,,,,,,,google_search_2026_05,,5,B,FALSE,,TRUE,2026-05-07,TIER B — name only from Google list. May be hallucinated. Verify existence before any outreach.
PHOT-00218,Photos by Kim,photos-by-kim,,,,,,,,,,,,QLD,,AU,,,Regional QLD,,,,,,,,,,,,,,,,,,,,,,,,,,,,,,,,,,,,,,,,,,,,,,,,,,,,,,,,,,,,,AUD,,,,,,,,,,,,,,,,,,,,,,,,,google_search_2026_05,,5,B,FALSE,,TRUE,2026-05-07,TIER B — name only from Google list. May be hallucinated. Verify existence before any outreach.
PHOT-00219,Riana Hall,riana-hall,,,,,,,,,,,,QLD,,AU,,,Regional QLD,,,,,,,,,,,,,,,,,,,,,,,,,,,,,,,,,,,,,,,,,,,,,,,,,,,,,,,,,,,,,AUD,,,,,,,,,,,,,,,,,,,,,,,,,google_search_2026_05,,5,B,FALSE,,TRUE,2026-05-07,TIER B — name only from Google list. May be hallucinated. Verify existence before any outreach.
PHOT-00220,Brooke Miles,brooke-miles,,,,,,,,,,,,QLD,,AU,,,Regional QLD,,,,,,,,,,,,,,,,,,,,,,,,,,,,,,,,,,,,,,,,,,,,,,,,,,,,,,,,,,,,,AUD,,,,,,,,,,,,,,,,,,,,,,,,,google_search_2026_05,,5,B,FALSE,,TRUE,2026-05-07,TIER B — name only from Google list. May be hallucinated. Verify existence before any outreach.
PHOT-00221,Summer Rain,summer-rain,,,,,,,,,,,,QLD,,AU,,,Regional QLD,,,,,,,,,,,,,,,,,,,,,,,,,,,,,,,,,,,,,,,,,,,,,,,,,,,,,,,,,,,,,AUD,,,,,,,,,,,,,,,,,,,,,,,,,google_search_2026_05,,5,B,FALSE,,TRUE,2026-05-07,TIER B — name only from Google list. May be hallucinated. Verify existence before any outreach.
PHOT-00222,Whitsunday Photography,whitsunday-photography,,,,,,,,,,,,QLD,,AU,,,Regional QLD,,,,,,,,,,,,,,,,,,,,,,,,,,,,,,,,,,,,,,,,,,,,,,,,,,,,,,,,,,,,,AUD,,,,,,,,,,,,,,,,,,,,,,,,,google_search_2026_05,,5,B,FALSE,,TRUE,2026-05-07,TIER B — name only from Google list. May be hallucinated. Verify existence before any outreach.
PHOT-00223,Nicole Johnston,nicole-johnston,,,,,,,,,,,,QLD,,AU,,,Regional QLD,,,,,,,,,,,,,,,,,,,,,,,,,,,,,,,,,,,,,,,,,,,,,,,,,,,,,,,,,,,,,AUD,,,,,,,,,,,,,,,,,,,,,,,,,google_search_2026_05,,5,B,FALSE,,TRUE,2026-05-07,TIER B — name only from Google list. May be hallucinated. Verify existence before any outreach.
PHOT-00224,Raw Image,raw-image,,,,,,,,,,,,QLD,,AU,,,Regional QLD,,,,,,,,,,,,,,,,,,,,,,,,,,,,,,,,,,,,,,,,,,,,,,,,,,,,,,,,,,,,,AUD,,,,,,,,,,,,,,,,,,,,,,,,,google_search_2026_05,,5,B,FALSE,,TRUE,2026-05-07,TIER B — name only from Google list. May be hallucinated. Verify existence before any outreach.
PHOT-00225,The Moores,the-moores,,,,,,,,,,,,QLD,,AU,,,QLD (cross-regional),,,,,,,,,,,,,,,,,,,,,,,,,,,,,,,,,,,,,,,,,,,,,,,,,,,,,,,,,,,,,AUD,,,,,,,,,,,,,,,,,,,,,,,,,google_search_2026_05,,5,B,FALSE,,TRUE,2026-05-07,TIER B — name only from Google list. May be hallucinated. Verify existence before any outreach.
PHOT-00226,Love is Love,love-is-love,,,,,,,,,,,,QLD,,AU,,,QLD (cross-regional),,,,,,,,,,,,,,,,,,,,,,,,,,,,,,,,,,,,,,,,,,,,,,,,,,,,,,,,,,,,,AUD,,,,,,,,,,,,,,,,,,,,,,,,,google_search_2026_05,,5,B,FALSE,,TRUE,2026-05-07,TIER B — name only from Google list. May be hallucinated. Verify existence before any outreach.
PHOT-00227,The Barefoot Photographer,the-barefoot-photographer,,,,,,,,,,,,QLD,,AU,,,QLD (cross-regional),,,,,,,,,,,,,,,,,,,,,,,,,,,,,,,,,,,,,,,,,,,,,,,,,,,,,,,,,,,,,AUD,,,,,,,,,,,,,,,,,,,,,,,,,google_search_2026_05,,5,B,FALSE,,TRUE,2026-05-07,TIER B — name only from Google list. May be hallucinated. Verify existence before any outreach.
PHOT-00228,Sunlit Studios,sunlit-studios,,,,,,,,,,,,QLD,,AU,,,QLD (cross-regional),,,,,,,,,,,,,,,,,,,,,,,,,,,,,,,,,,,,,,,,,,,,,,,,,,,,,,,,,,,,,AUD,,,,,,,,,,,,,,,,,,,,,,,,,google_search_2026_05,,5,B,FALSE,,TRUE,2026-05-07,TIER B — name only from Google list. May be hallucinated. Verify existence before any outreach.
PHOT-00229,White Lace & Promises,white-lace-and-promises,,,,,,,,,,,,QLD,,AU,,,QLD (cross-regional),,,,,,,,,,,,,,,,,,,,,,,,,,,,,,,,,,,,,,,,,,,,,,,,,,,,,,,,,,,,,AUD,,,,,,,,,,,,,,,,,,,,,,,,,google_search_2026_05,,5,B,FALSE,,TRUE,2026-05-07,TIER B — name only from Google list. May be hallucinated. Verify existence before any outreach.
PHOT-00230,Alegna Weddings,alegna-weddings,,,,,,,,,,,,QLD,,AU,,,QLD (cross-regional),,,,,,,,,,,,,,,,,,,,,,,,,,,,,,,,,,,,,,,,,,,,,,,,,,,,,,,,,,,,,AUD,,,,,,,,,,,,,,,,,,,,,,,,,google_search_2026_05,,5,B,FALSE,,TRUE,2026-05-07,TIER B — name only from Google list. May be hallucinated. Verify existence before any outreach.
PHOT-00231,Timeless Moments,timeless-moments,,,,,,,,,,,,QLD,,AU,,,QLD (cross-regional),,,,,,,,,,,,,,,,,,,,,,,,,,,,,,,,,,,,,,,,,,,,,,,,,,,,,,,,,,,,,AUD,,,,,,,,,,,,,,,,,,,,,,,,,google_search_2026_05,,5,B,FALSE,,TRUE,2026-05-07,TIER B — name only from Google list. May be hallucinated. Verify existence before any outreach.
PHOT-00232,Storytellers,storytellers,,,,,,,,,,,,QLD,,AU,,,QLD (cross-regional),,,,,,,,,,,,,,,,,,,,,,,,,,,,,,,,,,,,,,,,,,,,,,,,,,,,,,,,,,,,,AUD,,,,,,,,,,,,,,,,,,,,,,,,,google_search_2026_05,,5,B,FALSE,,TRUE,2026-05-07,TIER B — name only from Google list. May be hallucinated. Verify existence before any outreach.
PHOT-00233,Studio Impressions,studio-impressions,,,,,,,,,,,,QLD,,AU,,,QLD (cross-regional),,,,,,,,,,,,,,,,,,,,,,,,,,,,,,,,,,,,,,,,,,,,,,,,,,,,,,,,,,,,,AUD,,,,,,,,,,,,,,,,,,,,,,,,,google_search_2026_05,,5,B,FALSE,,TRUE,2026-05-07,TIER B — name only from Google list. May be hallucinated. Verify existence before any outreach.
PHOT-00234,Pelizzari,pelizzari,,,,,,,,,,,,QLD,,AU,,,QLD (cross-regional),,,,,,,,,,,,,,,,,,,,,,,,,,,,,,,,,,,,,,,,,,,,,,,,,,,,,,,,,,,,,AUD,,,,,,,,,,,,,,,,,,,,,,,,,google_search_2026_05,,5,B,FALSE,,TRUE,2026-05-07,TIER B — name only from Google list. May be hallucinated. Verify existence before any outreach.
PHOT-00235,Marcus Bell,marcus-bell,,,,,,,,,,,,QLD,,AU,,,QLD (cross-regional),,,,,,,,,,,,,,,,,,,,,,,,,,,,,,,,,,,,,,,,,,,,,,,,,,,,,,,,,,,,,AUD,,,,,,,,,,,,,,,,,,,,,,,,,google_search_2026_05,,5,B,FALSE,,TRUE,2026-05-07,TIER B — name only from Google list. May be hallucinated. Verify existence before any outreach.
PHOT-00236,Todd Hunter,todd-hunter,,,,,,,,,,,,QLD,,AU,,,QLD (cross-regional),,,,,,,,,,,,,,,,,,,,,,,,,,,,,,,,,,,,,,,,,,,,,,,,,,,,,,,,,,,,,AUD,,,,,,,,,,,,,,,,,,,,,,,,,google_search_2026_05,,5,B,FALSE,,TRUE,2026-05-07,TIER B — name only from Google list. May be hallucinated. Verify existence before any outreach.
PHOT-00237,The Simple Things,the-simple-things,,,,,,,,,,,,QLD,,AU,,,QLD (cross-regional),,,,,,,,,,,,,,,,,,,,,,,,,,,,,,,,,,,,,,,,,,,,,,,,,,,,,,,,,,,,,AUD,,,,,,,,,,,,,,,,,,,,,,,,,google_search_2026_05,,5,B,FALSE,,TRUE,2026-05-07,TIER B — name only from Google list. May be hallucinated. Verify existence before any outreach.
PHOT-00238,Vellum Studios,vellum-studios,,,,,,,,,,,,QLD,,AU,,,QLD (cross-regional),,,,,,,,,,,,,,,,,,,,,,,,,,,,,,,,,,,,,,,,,,,,,,,,,,,,,,,,,,,,,AUD,,,,,,,,,,,,,,,,,,,,,,,,,google_search_2026_05,,5,B,FALSE,,TRUE,2026-05-07,TIER B — name only from Google list. May be hallucinated. Verify existence before any outreach.
PHOT-00239,Run Wild Photography,run-wild-photography,,,,,,,,,,,,SA,,AU,,,"Adelaide, SA",,,,,,,,,,,,,,,,,,,,,,,,,,,,,,,,,,,,,,,,,,,,,,,,,,,,,,,,,,,,,AUD,,,,,,,,,,,,,,,,,,,,,,,,,google_search_2026_05,,5,B,FALSE,,TRUE,2026-05-07,TIER B — name only from Google list. May be hallucinated. Verify existence before any outreach.
PHOT-00240,Mitcha Photography,mitcha-photography,,,,,,,,,,,,SA,,AU,,,"Adelaide, SA",,,,,,,,,,,,,,,,,,,,,,,,,,,,,,,,,,,,,,,,,,,,,,,,,,,,,,,,,,,,,AUD,,,,,,,,,,,,,,,,,,,,,,,,,google_search_2026_05,,5,B,FALSE,,TRUE,2026-05-07,TIER B — name only from Google list. May be hallucinated. Verify existence before any outreach.
PHOT-00241,Kenzi St George,kenzi-st-george,,,,,,,,,,,,SA,,AU,,,"Adelaide, SA",,,,,,,,,,,,,,,,,,,,,,,,,,,,,,,,,,,,,,,,,,,,,,,,,,,,,,,,,,,,,AUD,,,,,,,,,,,,,,,,,,,,,,,,,google_search_2026_05,,5,B,FALSE,,TRUE,2026-05-07,TIER B — name only from Google list. May be hallucinated. Verify existence before any outreach.
PHOT-00242,Emily Westhoff,emily-westhoff,,,,,,,,,,,,SA,,AU,,,"Adelaide, SA",,,,,,,,,,,,,,,,,,,,,,,,,,,,,,,,,,,,,,,,,,,,,,,,,,,,,,,,,,,,,AUD,,,,,,,,,,,,,,,,,,,,,,,,,google_search_2026_05,,5,B,FALSE,,TRUE,2026-05-07,TIER B — name only from Google list. May be hallucinated. Verify existence before any outreach.
PHOT-00243,What Pete Shot,what-pete-shot,,,,,,,,,,,,SA,,AU,,,"Adelaide, SA",,,,,,,,,,,,,,,,,,,,,,,,,,,,,,,,,,,,,,,,,,,,,,,,,,,,,,,,,,,,,AUD,,,,,,,,,,,,,,,,,,,,,,,,,google_search_2026_05,,5,B,FALSE,,TRUE,2026-05-07,TIER B — name only from Google list. May be hallucinated. Verify existence before any outreach.
PHOT-00244,Joshua Huggett Media,joshua-huggett-media,,,,,,,,,,,,SA,,AU,,,"Adelaide, SA",,,,,,,,,,,,,,,,,,,,,,,,,,,,,,,,,,,,,,,,,,,,,,,,,,,,,,,,,,,,,AUD,,,,,,,,,,,,,,,,,,,,,,,,,google_search_2026_05,,5,B,FALSE,,TRUE,2026-05-07,TIER B — name only from Google list. May be hallucinated. Verify existence before any outreach.
PHOT-00245,Belle Photo,belle-photo,,,,,,,,,,,,SA,,AU,,,"Adelaide, SA",,,,,,,,,,,,,,,,,,,,,,,,,,,,,,,,,,,,,,,,,,,,,,,,,,,,,,,,,,,,,AUD,,,,,,,,,,,,,,,,,,,,,,,,,google_search_2026_05,,5,B,FALSE,,TRUE,2026-05-07,TIER B — name only from Google list. May be hallucinated. Verify existence before any outreach.
PHOT-00246,Kerin Burford,kerin-burford,,,,,,,,,,,,SA,,AU,,,"Adelaide, SA",,,,,,,,,,,,,,,,,,,,,,,,,,,,,,,,,,,,,,,,,,,,,,,,,,,,,,,,,,,,,AUD,,,,,,,,,,,,,,,,,,,,,,,,,google_search_2026_05,,5,B,FALSE,,TRUE,2026-05-07,TIER B — name only from Google list. May be hallucinated. Verify existence before any outreach.
PHOT-00247,Lucinda May,lucinda-may,,,,,,,,,,,,SA,,AU,,,"Adelaide, SA",,,,,,,,,,,,,,,,,,,,,,,,,,,,,,,,,,,,,,,,,,,,,,,,,,,,,,,,,,,,,AUD,,,,,,,,,,,,,,,,,,,,,,,,,google_search_2026_05,,5,B,FALSE,,TRUE,2026-05-07,TIER B — name only from Google list. May be hallucinated. Verify existence before any outreach.
PHOT-00248,Time with Alex,time-with-alex,,,,,,,,,,,,SA,,AU,,,"Adelaide, SA",,,,,,,,,,,,,,,,,,,,,,,,,,,,,,,,,,,,,,,,,,,,,,,,,,,,,,,,,,,,,AUD,,,,,,,,,,,,,,,,,,,,,,,,,google_search_2026_05,,5,B,FALSE,,TRUE,2026-05-07,TIER B — name only from Google list. May be hallucinated. Verify existence before any outreach.
PHOT-00249,Davish Photography,davish-photography,,,,,,,,,,,,SA,,AU,,,"Adelaide, SA",,,,,,,,,,,,,,,,,,,,,,,,,,,,,,,,,,,,,,,,,,,,,,,,,,,,,,,,,,,,,AUD,,,,,,,,,,,,,,,,,,,,,,,,,google_search_2026_05,,5,B,FALSE,,TRUE,2026-05-07,TIER B — name only from Google list. May be hallucinated. Verify existence before any outreach.
PHOT-00250,Little Car Photography,little-car-photography,,,,,,,,,,,,SA,,AU,,,"Adelaide, SA",,,,,,,,,,,,,,,,,,,,,,,,,,,,,,,,,,,,,,,,,,,,,,,,,,,,,,,,,,,,,AUD,,,,,,,,,,,,,,,,,,,,,,,,,google_search_2026_05,,5,B,FALSE,,TRUE,2026-05-07,TIER B — name only from Google list. May be hallucinated. Verify existence before any outreach.
PHOT-00251,Panache Photography,panache-photography,,,,,,,,,,,,SA,,AU,,,"Adelaide, SA",,,,,,,,,,,,,,,,,,,,,,,,,,,,,,,,,,,,,,,,,,,,,,,,,,,,,,,,,,,,,AUD,,,,,,,,,,,,,,,,,,,,,,,,,google_search_2026_05,,5,B,FALSE,,TRUE,2026-05-07,TIER B — name only from Google list. May be hallucinated. Verify existence before any outreach.
PHOT-00252,Shona Henderson,shona-henderson,,,,,,,,,,,,SA,,AU,,,"Adelaide, SA",,,,,,,,,,,,,,,,,,,,,,,,,,,,,,,,,,,,,,,,,,,,,,,,,,,,,,,,,,,,,AUD,,,,,,,,,,,,,,,,,,,,,,,,,google_search_2026_05,,5,B,FALSE,,TRUE,2026-05-07,TIER B — name only from Google list. May be hallucinated. Verify existence before any outreach.
PHOT-00253,Zilia Creative,zilia-creative,,,,,,,,,,,,WA,,AU,,,"Perth, WA",,,,,,,,,,,,,,,,,,,,,,,,,,,,,,,,,,,,,,,,,,,,,,,,,,,,,,,,,,,,,AUD,,,,,,,,,,,,,,,,,,,,,,,,,google_search_2026_05,,5,B,FALSE,,TRUE,2026-05-07,TIER B — name only from Google list. May be hallucinated. Verify existence before any outreach.
PHOT-00254,Mel Silva,mel-silva,,,,,,,,,,,,WA,,AU,,,"Perth, WA",,,,,,,,,,,,,,,,,,,,,,,,,,,,,,,,,,,,,,,,,,,,,,,,,,,,,,,,,,,,,AUD,,,,,,,,,,,,,,,,,,,,,,,,,google_search_2026_05,,5,B,FALSE,,TRUE,2026-05-07,TIER B — name only from Google list. May be hallucinated. Verify existence before any outreach.
PHOT-00255,Sammy & Tom,sammy-and-tom,,,,,,,,,,,,WA,,AU,,,"Perth, WA",,,,,,,,,,,,,,,,,,,,,,,,,,,,,,,,,,,,,,,,,,,,,,,,,,,,,,,,,,,,,AUD,,,,,,,,,,,,,,,,,,,,,,,,,google_search_2026_05,,5,B,FALSE,,TRUE,2026-05-07,TIER B — name only from Google list. May be hallucinated. Verify existence before any outreach.
PHOT-00256,Kath Young,kath-young,,,,,,,,,,,,WA,,AU,,,"Perth, WA",,,,,,,,,,,,,,,,,,,,,,,,,,,,,,,,,,,,,,,,,,,,,,,,,,,,,,,,,,,,,AUD,,,,,,,,,,,,,,,,,,,,,,,,,google_search_2026_05,,5,B,FALSE,,TRUE,2026-05-07,TIER B — name only from Google list. May be hallucinated. Verify existence before any outreach.
PHOT-00257,Norman Yap,norman-yap,,,,,,,,,,,,WA,,AU,,,"Perth, WA",,,,,,,,,,,,,,,,,,,,,,,,,,,,,,,,,,,,,,,,,,,,,,,,,,,,,,,,,,,,,AUD,,,,,,,,,,,,,,,,,,,,,,,,,google_search_2026_05,,5,B,FALSE,,TRUE,2026-05-07,TIER B — name only from Google list. May be hallucinated. Verify existence before any outreach.
PHOT-00258,Stellar Visions,stellar-visions,,,,,,,,,,,,WA,,AU,,,"Perth, WA",,,,,,,,,,,,,,,,,,,,,,,,,,,,,,,,,,,,,,,,,,,,,,,,,,,,,,,,,,,,,AUD,,,,,,,,,,,,,,,,,,,,,,,,,google_search_2026_05,,5,B,FALSE,,TRUE,2026-05-07,TIER B — name only from Google list. May be hallucinated. Verify existence before any outreach.
PHOT-00259,Simone Harris,simone-harris,,,,,,,,,,,,WA,,AU,,,"Perth, WA",,,,,,,,,,,,,,,,,,,,,,,,,,,,,,,,,,,,,,,,,,,,,,,,,,,,,,,,,,,,,AUD,,,,,,,,,,,,,,,,,,,,,,,,,google_search_2026_05,,5,B,FALSE,,TRUE,2026-05-07,TIER B — name only from Google list. May be hallucinated. Verify existence before any outreach.
PHOT-00260,Jon Hewson,jon-hewson,,,,,,,,,,,,WA,,AU,,,"Perth, WA",,,,,,,,,,,,,,,,,,,,,,,,,,,,,,,,,,,,,,,,,,,,,,,,,,,,,,,,,,,,,AUD,,,,,,,,,,,,,,,,,,,,,,,,,google_search_2026_05,,5,B,FALSE,,TRUE,2026-05-07,TIER B — name only from Google list. May be hallucinated. Verify existence before any outreach.
PHOT-00261,Craig Carson,craig-carson,,,,,,,,,,,,WA,,AU,,,"Perth, WA",,,,,,,,,,,,,,,,,,,,,,,,,,,,,,,,,,,,,,,,,,,,,,,,,,,,,,,,,,,,,AUD,,,,,,,,,,,,,,,,,,,,,,,,,google_search_2026_05,,5,B,FALSE,,TRUE,2026-05-07,TIER B — name only from Google list. May be hallucinated. Verify existence before any outreach.
PHOT-00262,Briars Atlas,briars-atlas,,,,,,,,,,,,WA,,AU,,,"Perth, WA",TRUE,,,TRUE,,,,,,,,,,,,,,,,,,,,,,,,,,,,,,,,,,,,,,,,,,,,,,,,,,,,,,,,,AUD,,,,,,,,,,,,,,,,,,,,,,,,,google_search_2026_05,,5,B,FALSE,,TRUE,2026-05-07,TIER B — flagged as travel/destination specialist in source. Verify existence before outreach.
PHOT-00263,Kickass Weddings,kickass-weddings,,,,,,,,,,,,WA,,AU,,,"Perth, WA",,,,,,,,,,,,,,,,,,,,,,,,,,,,,,,,,,,,,,,,,,,,,,,,,,,,,,,,,,,,,AUD,,,,,,,,,,,,,,,,,,,,,,,,,google_search_2026_05,,5,B,FALSE,,TRUE,2026-05-07,TIER B — name only from Google list. May be hallucinated. Verify existence before any outreach.
PHOT-00264,One Plus One,one-plus-one,,,,,,,,,,,,WA,,AU,,,"Perth, WA",,,,,,,,,,,,,,,,,,,,,,,,,,,,,,,,,,,,,,,,,,,,,,,,,,,,,,,,,,,,,AUD,,,,,,,,,,,,,,,,,,,,,,,,,google_search_2026_05,,5,B,FALSE,,TRUE,2026-05-07,TIER B — name only from Google list. May be hallucinated. Verify existence before any outreach.
PHOT-00265,Peter Edwards,peter-edwards,,,,,,,,,,,,WA,,AU,,,"Perth, WA",,,,,,,,,,,,,,,,,,,,,,,,,,,,,,,,,,,,,,,,,,,,,,,,,,,,,,,,,,,,,AUD,,,,,,,,,,,,,,,,,,,,,,,,,google_search_2026_05,,5,B,FALSE,,TRUE,2026-05-07,TIER B — name only from Google list. May be hallucinated. Verify existence before any outreach.
PHOT-00266,ITN Photographics,itn-photographics,,,,,,,,,,,,WA,,AU,,,"Perth, WA",,,,,,,,,,,,,,,,,,,,,,,,,,,,,,,,,,,,,,,,,,,,,,,,,,,,,,,,,,,,,AUD,,,,,,,,,,,,,,,,,,,,,,,,,google_search_2026_05,,5,B,FALSE,,TRUE,2026-05-07,TIER B — name only from Google list. May be hallucinated. Verify existence before any outreach.
PHOT-00267,Carien Lee,carien-lee,,,,,,,,,,,,WA,,AU,,,"Perth, WA",,,,,,,,,,,,,,,,,,,,,,,,,,,,,,,,,,,,,,,,,,,,,,,,,,,,,,,,,,,,,AUD,,,,,,,,,,,,,,,,,,,,,,,,,google_search_2026_05,,5,B,FALSE,,TRUE,2026-05-07,TIER B — name only from Google list. May be hallucinated. Verify existence before any outreach.
PHOT-00268,DKY Photography,dky-photography,,,,,,,,,,,,WA,,AU,,,"Perth, WA",,,,,,,,,,,,,,,,,,,,,,,,,,,,,,,,,,,,,,,,,,,,,,,,,,,,,,,,,,,,,AUD,,,,,,,,,,,,,,,,,,,,,,,,,google_search_2026_05,,5,B,FALSE,,TRUE,2026-05-07,TIER B — name only from Google list. May be hallucinated. Verify existence before any outreach.
PHOT-00269,Perth Professional Photographers,perth-professional-photographers,,,,,,,,,,,,WA,,AU,,,"Perth, WA",,,,,,,,,,,,,,,,,,,,,,,,,,,,,,,,,,,,,,,,,,,,,,,,,,,,,,,,,,,,,AUD,,,,,,,,,,,,,,,,,,,,,,,,,google_search_2026_05,,5,B,FALSE,,TRUE,2026-05-07,TIER B — name only from Google list. May be hallucinated. Verify existence before any outreach.
PHOT-00270,Teneil Kable,teneil-kable,,,,,,,,,,,,WA,,AU,,,"Perth, WA",,,,,,,,,,,,,,,,,,,,,,,,,,,,,,,,,,,,,,,,,,,,,,,,,,,,,,,,,,,,,AUD,,,,,,,,,,,,,,,,,,,,,,,,,google_search_2026_05,,5,B,FALSE,,TRUE,2026-05-07,TIER B — name only from Google list. May be hallucinated. Verify existence before any outreach.
PHOT-00271,Tyler Brown,tyler-brown,,,,,,,,,,,,WA,,AU,,,"Perth, WA",,,,,,,,,,,,,,,,,,,,,,,,,,,,,,,,,,,,,,,,,,,,,,,,,,,,,,,,,,,,,AUD,,,,,,,,,,,,,,,,,,,,,,,,,google_search_2026_05,,5,B,FALSE,,TRUE,2026-05-07,TIER B — name only from Google list. May be hallucinated. Verify existence before any outreach.
PHOT-00272,Amy Skinner,amy-skinner,,,,,,,,,,,,WA,,AU,,,"Perth, WA",,,,,,,,,,,,,,,,,,,,,,,,,,,,,,,,,,,,,,,,,,,,,,,,,,,,,,,,,,,,,AUD,,,,,,,,,,,,,,,,,,,,,,,,,google_search_2026_05,,5,B,FALSE,,TRUE,2026-05-07,TIER B — name only from Google list. May be hallucinated. Verify existence before any outreach.
PHOT-00273,Clint & Bethanie,clint-and-bethanie,,,,,,,,,,,,TAS,,AU,,,"Hobart, Tasmania",,,,,,,,,,,,,,,,,,,,,,,,,,,,,,,,,,,,,,,,,,,,,,,,,,,,,,,,,,,,,AUD,,,,,,,,,,,,,,,,,,,,,,,,,google_search_2026_05,,5,B,FALSE,,TRUE,2026-05-07,TIER B — name only from Google list. May be hallucinated. Verify existence before any outreach.
PHOT-00274,Cassie Sullivan,cassie-sullivan,,,,,,,,,,,,TAS,,AU,,,"Hobart, Tasmania",,,,,,,,,,,,,,,,,,,,,,,,,,,,,,,,,,,,,,,,,,,,,,,,,,,,,,,,,,,,,AUD,,,,,,,,,,,,,,,,,,,,,,,,,google_search_2026_05,,5,B,FALSE,,TRUE,2026-05-07,TIER B — name only from Google list. May be hallucinated. Verify existence before any outreach.
PHOT-00275,Rosie Hastie,rosie-hastie,,,,,,,,,,,,TAS,,AU,,,"Hobart, Tasmania",,,,,,,,,,,,,,,,,,,,,,,,,,,,,,,,,,,,,,,,,,,,,,,,,,,,,,,,,,,,,AUD,,,,,,,,,,,,,,,,,,,,,,,,,google_search_2026_05,,5,B,FALSE,,TRUE,2026-05-07,TIER B — name only from Google list. May be hallucinated. Verify existence before any outreach.
PHOT-00276,Jimmy Emms,jimmy-emms,,,,,,,,,,,,TAS,,AU,,,"Hobart, Tasmania",,,,,,,,,,,,,,,,,,,,,,,,,,,,,,,,,,,,,,,,,,,,,,,,,,,,,,,,,,,,,AUD,,,,,,,,,,,,,,,,,,,,,,,,,google_search_2026_05,,5,B,FALSE,,TRUE,2026-05-07,TIER B — name only from Google list. May be hallucinated. Verify existence before any outreach.
PHOT-00277,Sophie Sullivan,sophie-sullivan,,,,,,,,,,,,TAS,,AU,,,"Hobart, Tasmania",,,,,,,,,,,,,,,,,,,,,,,,,,,,,,,,,,,,,,,,,,,,,,,,,,,,,,,,,,,,,AUD,,,,,,,,,,,,,,,,,,,,,,,,,google_search_2026_05,,5,B,FALSE,,TRUE,2026-05-07,TIER B — name only from Google list. May be hallucinated. Verify existence before any outreach.
PHOT-00278,Dearna Bond,dearna-bond,,,,,,,,,,,,TAS,,AU,,,"Hobart, Tasmania",,,,,,,,,,,,,,,,,,,,,,,,,,,,,,,,,,,,,,,,,,,,,,,,,,,,,,,,,,,,,AUD,,,,,,,,,,,,,,,,,,,,,,,,,google_search_2026_05,,5,B,FALSE,,TRUE,2026-05-07,TIER B — name only from Google list. May be hallucinated. Verify existence before any outreach.
PHOT-00279,Fiona Vail,fiona-vail,,,,,,,,,,,,TAS,,AU,,,"Hobart, Tasmania",,,,,,,,,,,,,,,,,,,,,,,,,,,,,,,,,,,,,,,,,,,,,,,,,,,,,,,,,,,,,AUD,,,,,,,,,,,,,,,,,,,,,,,,,google_search_2026_05,,5,B,FALSE,,TRUE,2026-05-07,TIER B — name only from Google list. May be hallucinated. Verify existence before any outreach.
PHOT-00280,Natalie Mendham,natalie-mendham,,,,,,,,,,,,TAS,,AU,,,"Hobart, Tasmania",,,,,,,,,,,,,,,,,,,,,,,,,,,,,,,,,,,,,,,,,,,,,,,,,,,,,,,,,,,,,AUD,,,,,,,,,,,,,,,,,,,,,,,,,google_search_2026_05,,5,B,FALSE,,TRUE,2026-05-07,TIER B — name only from Google list. May be hallucinated. Verify existence before any outreach.
PHOT-00281,Nick Osborne,nick-osborne,,,,,,,,,,,,TAS,,AU,,,"Hobart, Tasmania",,,,,,,,,,,,,,,,,,,,,,,,,,,,,,,,,,,,,,,,,,,,,,,,,,,,,,,,,,,,,AUD,,,,,,,,,,,,,,,,,,,,,,,,,google_search_2026_05,,5,B,FALSE,,TRUE,2026-05-07,TIER B — name only from Google list. May be hallucinated. Verify existence before any outreach.
PHOT-00282,George Bowden,george-bowden,,,,,,,,,,,,TAS,,AU,,,"Hobart, Tasmania",,,,,,,,,,,,,,,,,,,,,,,,,,,,,,,,,,,,,,,,,,,,,,,,,,,,,,,,,,,,,AUD,,,,,,,,,,,,,,,,,,,,,,,,,google_search_2026_05,,5,B,FALSE,,TRUE,2026-05-07,TIER B — name only from Google list. May be hallucinated. Verify existence before any outreach.
PHOT-00283,Paul Fleming,paul-fleming,,,,,,,,,,,,TAS,,AU,,,"Hobart, Tasmania",,,,,,,,,,,,,,,,,,,,,,,,,,,,,,,,,,,,,,,,,,,,,,,,,,,,,,,,,,,,,AUD,,,,,,,,,,,,,,,,,,,,,,,,,google_search_2026_05,,5,B,FALSE,,TRUE,2026-05-07,TIER B — name only from Google list. May be hallucinated. Verify existence before any outreach.
PHOT-00284,Mel de Ruyter,mel-de-ruyter,,,,,,,,,,,,TAS,,AU,,,"Hobart, Tasmania",,,,,,,,,,,,,,,,,,,,,,,,,,,,,,,,,,,,,,,,,,,,,,,,,,,,,,,,,,,,,AUD,,,,,,,,,,,,,,,,,,,,,,,,,google_search_2026_05,,5,B,FALSE,,TRUE,2026-05-07,TIER B — name only from Google list. May be hallucinated. Verify existence before any outreach.
PHOT-00285,Wildly Us,wildly-us,,,,,,,,,,,,TAS,,AU,,,"Hobart, Tasmania",,,,,,,,,,,,,,,,,,,,,,,,,,,,,,,,,,,,,,,,,,,,,,,,,,,,,,,,,,,,,AUD,,,,,,,,,,,,,,,,,,,,,,,,,google_search_2026_05,,5,B,FALSE,,TRUE,2026-05-07,TIER B — name only from Google list. May be hallucinated. Verify existence before any outreach.
PHOT-00286,Island Wedding Co,island-wedding-co,,,,,,,,,,,,TAS,,AU,,,"Hobart, Tasmania",,,,,,,,,,,,,,,,,,,,,,,,,,,,,,,,,,,,,,,,,,,,,,,,,,,,,,,,,,,,,AUD,,,,,,,,,,,,,,,,,,,,,,,,,google_search_2026_05,,5,B,FALSE,,TRUE,2026-05-07,TIER B — name only from Google list. May be hallucinated. Verify existence before any outreach.
