brand_name,suburb,state,easy_weddings_rating,easy_weddings_review_count,easy_weddings_price_from,easy_weddings_profile_url,is_destination_specialist,ew_page
Carla Davern The Celebrant & MC,Sydney,New South Wales,5.0,244,,https://www.easyweddings.com.au/MarriageCelebrant/Sydney/CarlaDavern/,False,1
Noosa Style Ceremonies,Noosa Heads,Queensland,4.95,20,$1000,https://www.easyweddings.com.au/MarriageCelebrant/SunshineCoast/NoosaStyleCeremonies/,True,1
Christina Towler Celebrancy,Brisbane,Queensland,5.0,95,$1000,https://www.easyweddings.com.au/MarriageCelebrant/Brisbane/ChristinaTowler/,False,1
Julie Winter Celebrant,Lane Cove North,New South Wales,5.0,28,,https://www.easyweddings.com.au/MarriageCelebrant/Sydney/JulieWinterMarriageCelebrant/,False,1
CHELSEA MCNAMARA - Lovebirds Civil Celebrant,North Ipswich,Queensland,4.99,118,$850,https://www.easyweddings.com.au/MarriageCelebrant/Brisbane/CHELSEAMCNAMARACivilCelebrant/,False,1
Sarahmonial Services Celebrant and MC,Lindfield,New South Wales,5.0,21,$750,https://www.easyweddings.com.au/MarriageCelebrant/Sydney/SarahLevettCelebrantandMC/,False,1
Married by Tracey,Bilyana,Queensland,5.0,12,,https://www.easyweddings.com.au/MarriageCelebrant/Townsville/MarriedbyTracey/,False,1
Celebrant Becky Kate,Geelong & Surrounds,Victoria,5.0,33,$900,https://www.easyweddings.com.au/MarriageCelebrant/Geelong/CelebrantBeckyKate/,False,1
Sarah Sheehy Celebrant,Varsity Lakes,Queensland,5.0,15,,https://www.easyweddings.com.au/MarriageCelebrant/GoldCoast/SarahSheehyCelebrant/,False,1
It Is Love - Amy Bruce,Gold Coast,Queensland,5.0,21,$850,https://www.easyweddings.com.au/MarriageCelebrant/GoldCoast/ItIsLove/,True,1
Celebrations by Rosalie,Sandringham,Victoria,5.0,113,$980,https://www.easyweddings.com.au/MarriageCelebrant/Melbourne/CelebrationsByRosalie/,False,1
Janet Lomax ~ Sydney\'s Inner West Marriage Celebrant,Balmain,New South Wales,4.98,195,,https://www.easyweddings.com.au/MarriageCelebrant/Sydney/JanetLomaxSydneysInnerWestMarriageCelebrant/,False,1
Civil Celebrant Felicity - Creating Memories,Donvale,Victoria,5.0,52,$1050,https://www.easyweddings.com.au/MarriageCelebrant/Melbourne/CivilCelebrantFelicityMelbourne/,False,1
Mike Larkan - Celebrant & MC,Melbourne,,4.97,132,,https://www.easyweddings.com.au/MarriageCelebrant/Melbourne/MikeLarkan/,False,1
Blair Fraser Celebrant,North Perth,Western Australia,4.99,74,$880,https://www.easyweddings.com.au/MarriageCelebrant/Perth/BlairFraserCelebrant/,False,1
Benn Stone Melbourne Cityside Celebrant + DJ/MC,Melbourne,Victoria,5.0,94,,https://www.easyweddings.com.au/MarriageCelebrant/Melbourne/BennStoneCelebrantMelbourneCitysideCelebrant/,False,1
Shelly Bennett Marriage Celebrant,Randwick,New South Wales,5.0,15,,https://www.easyweddings.com.au/MarriageCelebrant/Sydney/ShellyBennettMarriageCelebrant/,False,1
A Stand-up Celebrant,Abbotsford,Victoria,5.0,291,,https://www.easyweddings.com.au/MarriageCelebrant/Melbourne/AStandupCelebrant/,False,1
Kate Fenton - Perth Marriage Celebrant,Scarborough,Western Australia,5.0,17,,https://www.easyweddings.com.au/MarriageCelebrant/Perth/KateFentonPerthMarriageCelebrant/,False,1
Paul Wheeler,Waterloo,New South Wales,5.0,50,,https://www.easyweddings.com.au/MarriageCelebrant/Sydney/PaulWheeler/,True,1
Olivia Ferraro Marriage Celebrant,Reservoir,Victoria,5.0,92,,https://www.easyweddings.com.au/MarriageCelebrant/Melbourne/OliviaFerraroMarriageCelebrantForeverBeginsToday/,False,1
Christopher Steele,Adelaide & surrounding country areas,,4.92,24,$800,https://www.easyweddings.com.au/MarriageCelebrant/Adelaide/ChristopherSteele/,False,1
Ryan Black,Nerang,Queensland,5.0,94,$1590,https://www.easyweddings.com.au/MarriageCelebrant/GoldCoast/RyanBlack/,False,1
Josh Withers,Hobart,Tasmania,4.96,47,$1420,https://www.easyweddings.com.au/MarriageCelebrant/Hobart/JoshuaWithersWeddingCelebrant/,True,1
Ceremonies by Shaun,Woori Yallock,Victoria,5.0,5,,https://www.easyweddings.com.au/MarriageCelebrant/YarraValley/CeremoniesbyShaun/,True,1
GinaS Cairns Tropical Weddings,Cairns City,Queensland,4.98,44,,https://www.easyweddings.com.au/MarriageCelebrant/Cairns/GinaSCairnsTropicalWeddings/,False,1
Brendan Anning - Marriage Celebrant,Kangaroo Point,Queensland,4.98,46,$1200,https://www.easyweddings.com.au/MarriageCelebrant/Brisbane/BrendanAnningMarriageCelebrant/,False,1
Susan Caporaso - Celebrant,CLARENDON,South Australia,5.0,15,$950,https://www.easyweddings.com.au/MarriageCelebrant/Adelaide/SusanCaporasoCelebrant/,False,1
Andreas Weddings,Peregian Springs,Queensland,5.0,10,,https://www.easyweddings.com.au/MarriageCelebrant/SunshineCoast/AndreasWeddings/,False,1
Melbourne Celebrant Julie,Mount Evelyn,Victoria,4.99,188,,https://www.easyweddings.com.au/MarriageCelebrant/YarraValley/JulieByrne/,False,1
Paul Atherton - Celebrant,Melbourne,Victoria,4.94,16,,https://www.easyweddings.com.au/MarriageCelebrant/Daylesford/PaulAtherton/,False,2
Whitsunday Celebrant - Kieran McCarthy,Airlie Beach,Queensland,5.0,3,,https://www.easyweddings.com.au/MarriageCelebrant/Whitsundays/KieranMcCarthy/,False,2
Jan Harvey Celebrant,Maroochydore,Queensland,4.95,58,$800,https://www.easyweddings.com.au/MarriageCelebrant/SunshineCoast/JanHarvey/,False,2
A Beautiful Day - Victoria Langham,Maitland,New South Wales,4.95,22,$800,https://www.easyweddings.com.au/MarriageCelebrant/HunterValley/ABeautifulDayVictoriaLangham/,False,2
Beautiful Day Celebrancy - Rhyan Andrews,Faulconbridge,New South Wales,5.0,11,$600,https://www.easyweddings.com.au/MarriageCelebrant/BlueMountains/RhyanAndrews/,False,2
Gold Coast Celebrant & MC,Varsity Lakes,Queensland,5.0,55,,https://www.easyweddings.com.au/MarriageCelebrant/GoldCoast/NualaQuigley/,False,2
Darran Moran Civil Marriage Celebrant,Cambridge Park,New South Wales,4.8,10,$600,https://www.easyweddings.com.au/MarriageCelebrant/BlueMountains/DarranMoranCivilMarriageCelebrant/,False,2
Karen Fry Civil Marriage Celebrant,Freshwater,Queensland,5.0,24,,https://www.easyweddings.com.au/MarriageCelebrant/Cairns/KarenFryCivilMarriageCelebrant/,False,2
Elly the Celly,Noosa & Sunshine Coast,Queensland,5.0,11,$850,https://www.easyweddings.com.au/MarriageCelebrant/SunshineCoast/EllytheCelly/,False,2
"Utopia Weddings, Celebrations & Ceremonies",Mount Eliza,Victoria,5.0,1,,https://www.easyweddings.com.au/MarriageCelebrant/Mornington/UtopiaWeddingsCelebrationsAndCeremonies/,False,2
Ceremonies by Ryn,Glenella,Queensland,5.0,5,$650,https://www.easyweddings.com.au/MarriageCelebrant/Whitsundays/CeremoniesbyRyn/,False,2
Wed by Bec,Ruse,New South Wales,5.0,38,$840,https://www.easyweddings.com.au/MarriageCelebrant/SouthernHighlands/WedbyBec/,False,2
Ceremonies by Bernadette,Sunshine Coast,Queensland,5.0,16,,https://www.easyweddings.com.au/MarriageCelebrant/SunshineCoast/CeremoniesbyBernadette/,True,2
Marie Muscat,Mackay,Queensland,4.97,38,$650,https://www.easyweddings.com.au/MarriageCelebrant/Whitsundays/MarieMuscat/,False,2
Chris Bragg Celebrant,AVONDALE,New South Wales,5.0,42,$1250,https://www.easyweddings.com.au/MarriageCelebrant/Wollongong/ChrisBraggCelebrant/,False,2
Lou Kennedy Celebrant,Batemans Bay,New South Wales,5.0,6,$900,https://www.easyweddings.com.au/MarriageCelebrant/Wollongong/LouKennedyCelebrant/,True,2
Surfcoast Ceremonies,Anglesea,Victoria,5.0,3,,https://www.easyweddings.com.au/MarriageCelebrant/Geelong/SurfcoastCeremonies/,False,2
Vanessa Wiggins Ceremonies,Glass House Mountains,Queensland,4.88,8,$1000,https://www.easyweddings.com.au/MarriageCelebrant/SunshineCoast/VanessaWigginsCeremonies/,False,2
Michelle Louise Marriage Celebrant & MC,Yarra Valley,Victoria,5.0,5,$1160,https://www.easyweddings.com.au/MarriageCelebrant/YarraValley/MichelleLouiseMarriageCelebrant/,False,2
Balancing Life,Emu Plains,New South Wales,0.0,0,,https://www.easyweddings.com.au/MarriageCelebrant/BlueMountains/BalancingLife/,False,2
Ceremonies With Heart - Rosemary Hackman,Holder,Australian Capital Territory,4.95,38,$685,https://www.easyweddings.com.au/MarriageCelebrant/Canberra/CeremoniesWithHeartRosemaryHackman/,False,2
Daryll Webb,Melbourne,Victoria,4.95,44,$850,https://www.easyweddings.com.au/MarriageCelebrant/Melbourne/DaryllWebb/,False,2
Wendy McRae,Dingley Village,Victoria,5.0,279,,https://www.easyweddings.com.au/MarriageCelebrant/Melbourne/WendyMcRae/,False,2
Jen Lawrie-Smith Marriage Celebrant,Melbourne,Victoria,5.0,32,,https://www.easyweddings.com.au/MarriageCelebrant/Melbourne/JenLawrieSmithCMC/,True,2
Johan The Celebrant and MC,Kyle Bay,New South Wales,5.0,37,$990,https://www.easyweddings.com.au/MarriageCelebrant/Sydney/JohanTheCelebrant/,False,2
David Lang Celebrant,Willoughby,New South Wales,5.0,173,,https://www.easyweddings.com.au/MarriageCelebrant/Sydney/DavidLangCelebrant/,False,2
Ceremonies With Bronwyn,Birkdale,Queensland,5.0,104,,https://www.easyweddings.com.au/MarriageCelebrant/Brisbane/CeremoniesWithBronwyn/,False,2
That Celebrant Guy,Ellen Grove,Queensland,5.0,60,$850,https://www.easyweddings.com.au/MarriageCelebrant/Brisbane/ThatCelebrantGuy/,False,2
Elena Forato - Civil Marriage Celebrant,Kingston,Australian Capital Territory,5.0,64,,https://www.easyweddings.com.au/MarriageCelebrant/Canberra/ElenaForato/,False,2
Andrew Smith Life Events,Lewisham,Tasmania,0.0,0,,https://www.easyweddings.com.au/MarriageCelebrant/Hobart/AndrewSmithLifeEvents/,False,2
Paul Cochran - Your Celebrant,Melbourne,Victoria,5.0,20,$880,https://www.easyweddings.com.au/MarriageCelebrant/Melbourne/PaulCochranMelbourneMarriageCelebrant/,False,3
Christian Weddings Melbourne,Epping,Victoria,5.0,34,$850,https://www.easyweddings.com.au/MarriageCelebrant/Melbourne/ChristianWeddingsMelbourne/,True,3
Your Sydney Celebrant - Catherine Kennedy,Sydney,New South Wales,5.0,20,$1300,https://www.easyweddings.com.au/MarriageCelebrant/Sydney/YourSydneyCelebrantCatherineKennedy/,False,3
Jordan Vassallo Celebrant,Box Hill,New South Wales,5.0,134,,https://www.easyweddings.com.au/MarriageCelebrant/Sydney/JordanVassallo/,False,3
WEDDINGS BY YAZMIN,Gold Coast,Queensland,5.0,91,,https://www.easyweddings.com.au/MarriageCelebrant/Brisbane/WEDDINGSBYYAZMIN/,False,3
The Stellarbrant - Marriage Celebrant,Melbourne,Victoria,4.99,96,$1600,https://www.easyweddings.com.au/MarriageCelebrant/Melbourne/TheStellarbrantMarriageCelebrant/,False,3
Sherine Burl Celebrant,Melbourne and Bayside,Victoria,5.0,54,$1200,https://www.easyweddings.com.au/MarriageCelebrant/Melbourne/SherineBurlCelebrant/,True,3
Ted Johnson Marriage Celebrant,Brisbane,Queensland,4.63,16,$970,https://www.easyweddings.com.au/MarriageCelebrant/Brisbane/TedJohnsonMarriageCelebrant/,False,3
Ever After Celebrancy,Onkaparinga Hills,South Australia,5.0,22,$650,https://www.easyweddings.com.au/MarriageCelebrant/Adelaide/EverAfterCelebrancy/,False,3
Amanda Morgan Celebrant,Mount Eliza,Victoria,5.0,45,$715,https://www.easyweddings.com.au/MarriageCelebrant/Melbourne/AmandaMorgan/,False,3
Lets Celebrant,Panorama,South Australia,5.0,21,,https://www.easyweddings.com.au/MarriageCelebrant/Adelaide/LetsCelebrant/,False,3
PH Celebrants,Melbourne,Victoria,5.0,5,$850,https://www.easyweddings.com.au/MarriageCelebrant/Melbourne/PHCelebrants/,False,3
Weddings By Steve Veenstra,Armadale,Victoria,4.98,57,,https://www.easyweddings.com.au/MarriageCelebrant/Melbourne/WeddingsByVeenstra/,False,3
Marry & Celebrate - Celebrant & MC,Sydney,New South Wales,4.96,27,,https://www.easyweddings.com.au/MarriageCelebrant/Sydney/MarryandCelebrate/,False,3
Simple Weddings,Adelaide | Brisbane | Melbourne | Gold Coast | Sydney,,4.92,24,$245,https://www.easyweddings.com.au/MarriageCelebrant/Melbourne/SimpleWeddings/,False,3
"Ash | Down-to-Earth, Sydney Celebrant",Sydney,New South Wales,5.0,12,$925,https://www.easyweddings.com.au/MarriageCelebrant/Sydney/Aeons/,False,3
Lisa Aldridge,Port Melbourne,Victoria,5.0,19,,https://www.easyweddings.com.au/MarriageCelebrant/Melbourne/LisaAldridge/,False,3
Charmed Life Ceremonies,Voyager Point,New South Wales,5.0,3,$890,https://www.easyweddings.com.au/MarriageCelebrant/Sydney/CharmedLifeCeremonies/,False,3
Katrina Lai - Chinese and English Civil Celebrant & MC,South Yarra,Victoria,5.0,95,$1500,https://www.easyweddings.com.au/MarriageCelebrant/Melbourne/KatrinaLaiChineseAndEnglishMC/,False,3
YOUnique Occasions,Sydney,New South Wales,0.0,0,$800,https://www.easyweddings.com.au/MarriageCelebrant/Sydney/YOUniqueOccasions/,False,3
Alana Tran Celebrant,Melbourne,Victoria,5.0,168,,https://www.easyweddings.com.au/MarriageCelebrant/Melbourne/AlanaTranCelebrant/,False,3
Steve Miller Celebrant,St Kilda East,Victoria,5.0,2,,https://www.easyweddings.com.au/MarriageCelebrant/Melbourne/SteveMillerCelebrant/,False,3
Simon J. Robinson Celebrant,East Melbourne,Victoria,5.0,15,$500,https://www.easyweddings.com.au/MarriageCelebrant/Melbourne/SimonJRobinson/,True,3
Stuart Kemp - Singer Celebrant,Gordon,New South Wales,5.0,7,,https://www.easyweddings.com.au/MarriageCelebrant/Sydney/StuartKempSingerCelebrant/,True,3
Vocal Events,Woongarrah,New South Wales,5.0,15,,https://www.easyweddings.com.au/MarriageCelebrant/CentralCoast/VocalEvents/,False,3
Julia Carlino - Celebrant & MC,Sydney,New South Wales,5.0,27,,https://www.easyweddings.com.au/MarriageCelebrant/Sydney/JuliaCarlinoCelebrantAndMC/,False,3
George-the-Celebrant,Thornbury,Victoria,5.0,10,,https://www.easyweddings.com.au/MarriageCelebrant/Melbourne/GeorgetheCelebrant/,False,3
Eventful by Jorgia,Elwood,Victoria,5.0,51,,https://www.easyweddings.com.au/MarriageCelebrant/Melbourne/JorgiaBrownMarriageCelebrantEmcee/,False,3
Bilingual Celebrant & MC - Together with Jo,Liverpool,New South Wales,5.0,23,$830,https://www.easyweddings.com.au/MarriageCelebrant/Sydney/TogetherWithJoBilingualEnglishAndVietnamese/,False,3
Jane - Sunshine Wedding Celebrant,Noosa,Queensland,5.0,10,$900,https://www.easyweddings.com.au/MarriageCelebrant/SunshineCoast/SunshineWeddingsCelebrant/,False,3
Sarah Hobson,Lane Cove,New South Wales,5.0,1,$800,https://www.easyweddings.com.au/MarriageCelebrant/Sydney/SarahHobson/,False,4
"Yo Zi - English, Chinese & Japanese Celebrant and MC",Melbourne,Victoria,5.0,18,$1000,https://www.easyweddings.com.au/MarriageCelebrant/Melbourne/YoZiEnglishChineseAndJapaneseCelebrantandMC/,False,4
Hitched With Jazz,Lewisham,New South Wales,5.0,11,,https://www.easyweddings.com.au/MarriageCelebrant/Sydney/HitchedWithJazz/,True,4
Celebrate with Michelle,Perth,Western Australia,5.0,5,,https://www.easyweddings.com.au/MarriageCelebrant/Perth/CelebratewithMichelle/,False,4
Budgy B Celebrant - Jane Hansen,Allawah,New South Wales,5.0,2,$800,https://www.easyweddings.com.au/MarriageCelebrant/Sydney/BudgyBCelebrant/,False,4
Amanda Saliba Celebrant,Melbourne,Victoria,5.0,16,$910,https://www.easyweddings.com.au/MarriageCelebrant/Melbourne/AmandaSalibaCelebrant/,False,4
de Cler Amore,Lilydale,Victoria,5.0,3,,https://www.easyweddings.com.au/MarriageCelebrant/YarraValley/deClerAmore/,False,4
Michael Philippe Celebrant,Albert Park,Victoria,5.0,3,,https://www.easyweddings.com.au/MarriageCelebrant/Melbourne/MichaelPhilippeCelebrant/,False,4
Newlywed by Naz,Melbourne,Victoria,0.0,0,,https://www.easyweddings.com.au/MarriageCelebrant/Melbourne/Newlywedbynaz/,False,4
Celebrant Chris,Eltham,Victoria,5.0,1,$1000,https://www.easyweddings.com.au/MarriageCelebrant/Melbourne/CelebrantChris/,False,4
Love Alice & CO. Celebrant,Melbourne,Victoria,5.0,7,$1000,https://www.easyweddings.com.au/MarriageCelebrant/Melbourne/LoveAliceAndCoCelebrant/,False,4
Celebrant-ly Yours,Sydney,New South Wales,0.0,0,,https://www.easyweddings.com.au/MarriageCelebrant/Sydney/CelebrantlyYours/,False,4
Kate Ritchie Ballarat Marriage Celebrant,Lake Wendouree,Victoria,4.97,30,$1240,https://www.easyweddings.com.au/MarriageCelebrant/Ballarat/KateRitchie-SextonBallaratMarriageCelebrant/,False,4
Ronald Cruickshank Marriage Celebrant Hervey Bay,Scarness,Queensland,4.86,7,,https://www.easyweddings.com.au/MarriageCelebrant/Rockhampton/RonCruickshankMarriageCelebrant/,True,4
Jean Marie A Celebrant to See.,Tweed Heads South,New South Wales,5.0,24,$790,https://www.easyweddings.com.au/MarriageCelebrant/GoldCoast/JeanMarieACelebranttoSee/,False,4
Vivienne Warren - Celebrant for All Occasions,Sunshine Coast,Queensland,5.0,81,$800,https://www.easyweddings.com.au/MarriageCelebrant/SunshineCoast/VivienneWarrenMarriageCelebrant/,False,4
Kim O\'Sullivan Celebrant,Bargo,New South Wales,4.93,14,,https://www.easyweddings.com.au/MarriageCelebrant/Wollongong/KimOSullivanCivilCelebrant/,False,4
Crazy for Love - Nicole Craze,Burleigh Waters,Queensland,5.0,12,$650,https://www.easyweddings.com.au/MarriageCelebrant/GoldCoast/CrazyforLoveNicoleCraze/,False,4
Tina Marie Sheil - Love in the Mountains,Leura,New South Wales,5.0,25,,https://www.easyweddings.com.au/MarriageCelebrant/BlueMountains/TinaMarieSheilLoveInTheMountains/,False,4
Blue Mountains Celebrant - Phil Timbrell Happyday Celebrant,MT RIVERVIEW,New South Wales,5.0,18,$640,https://www.easyweddings.com.au/MarriageCelebrant/BlueMountains/HappyDayCelebrantPhilTimbrell/,True,4
Shiney Lee Hensby,Byron Bay,New South Wales,5.0,9,,https://www.easyweddings.com.au/MarriageCelebrant/Lismore/ShineyLeeHensby/,False,4
Sharon Phillips Macedon Ranges Celebrant,Sunbury,Victoria,5.0,22,$850,https://www.easyweddings.com.au/MarriageCelebrant/Daylesford/SharonPhillipsMacedonRangesCelebrant/,False,4
Robyn Freer Celebrant - Love My Way Celebrancy,St Clair,New South Wales,5.0,69,$800,https://www.easyweddings.com.au/MarriageCelebrant/BlueMountains/RobynFreerMarriageCelebrant/,False,4
Ceremonies By Karina,Killarney Vale,New South Wales,5.0,18,$840,https://www.easyweddings.com.au/MarriageCelebrant/CentralCoast/CeremoniesByKarina/,False,4
Dianne Moran,Skennars Head,New South Wales,5.0,25,,https://www.easyweddings.com.au/MarriageCelebrant/Lismore/DianneMoran/,False,4
Trish Mears Marriage Celebrant,Bundaberg,Queensland,4.98,45,,https://www.easyweddings.com.au/MarriageCelebrant/Rockhampton/TrishMearsCelebrant/,False,4
Karen Beckham - Forever Yours Marriage Celebrant,Mackay,Queensland,5.0,1,$850,https://www.easyweddings.com.au/MarriageCelebrant/Whitsundays/KarenBeckhamForeverYoursMarriageCelebrant/,False,4
Leonie Duryea,Albury,New South Wales,5.0,101,$800,https://www.easyweddings.com.au/MarriageCelebrant/WodongaAlbury/LeonieDuryea/,False,4
The Wedding Guy - Port Douglas,Craiglie,Queensland,5.0,36,,https://www.easyweddings.com.au/MarriageCelebrant/Cairns/TheWeddingGuy/,False,4
Celebrant Sophie,Newcastle,New South Wales,5.0,141,$1250,https://www.easyweddings.com.au/MarriageCelebrant/HunterValley/CelebrantSophie/,False,4
Wishbone Ceremonies,Macksville,New South Wales,5.0,6,$1200,https://www.easyweddings.com.au/MarriageCelebrant/CoffsHarbour/WishboneCeremonies/,False,5
Robert Moore Celebrant,Southport,Queensland,5.0,3,,https://www.easyweddings.com.au/MarriageCelebrant/GoldCoast/RobertMooreCelebrant/,False,5
Alternative Ceremonies – Cath Hogarth,Rockhampton,Queensland,5.0,14,$800,https://www.easyweddings.com.au/MarriageCelebrant/Rockhampton/AlternativeCeremoniesCathHogarth/,False,5
Angela Simone Celebrant,Bilambil Heights,New South Wales,5.0,10,,https://www.easyweddings.com.au/MarriageCelebrant/GoldCoast/AngelaSimoneCelebrant/,True,5
Making Memories with Deb,Bunbury,Western Australia,5.0,19,$750,https://www.easyweddings.com.au/MarriageCelebrant/MargaretRiver/MakingMemorieswithDeb/,False,5
Ceremonies by Jen,Noosa Heads,Queensland,5.0,16,,https://www.easyweddings.com.au/MarriageCelebrant/SunshineCoast/CeremoniesbyJen/,False,5
Ceremonies by Cathryn,Bunbury,Western Australia,5.0,8,,https://www.easyweddings.com.au/MarriageCelebrant/MargaretRiver/CeremoniesbyCathryn/,False,5
Helen Twyman-Smith,Picton,New South Wales,5.0,36,$1000,https://www.easyweddings.com.au/MarriageCelebrant/SouthernHighlands/HelenTwymanSmith/,False,5
The Singing Celebrant,Cairns,Queensland,5.0,7,,https://www.easyweddings.com.au/MarriageCelebrant/Cairns/TheSingingCelebrant/,False,5
Jilly Heart Celebrant Services,wollongong,New South Wales,5.0,7,,https://www.easyweddings.com.au/MarriageCelebrant/Wollongong/JillyHeartCelebrantServices/,False,5
Timeless Events By Sarah,Belmont,Victoria,5.0,20,,https://www.easyweddings.com.au/MarriageCelebrant/Geelong/TimelessEventsBySarah/,False,5
Married by Marisa @ The Wedding Office,Bridgetown,Western Australia,5.0,12,,https://www.easyweddings.com.au/MarriageCelebrant/MargaretRiver/MarriedbyMarisa/,True,5
Tres Ci Blessed Celebrant Services,Kewarra Beach,Queensland,5.0,20,$770,https://www.easyweddings.com.au/MarriageCelebrant/Cairns/TresCiBlessed/,False,5
Lauren Bridge Celebrant,Mudgeeraba,Queensland,5.0,168,,https://www.easyweddings.com.au/MarriageCelebrant/GoldCoast/LaurenBridgeCelebrant/,False,5
Tied By Teila - Civil Marriage Celebrant,Mount Gambier,South Australia,5.0,1,$800,https://www.easyweddings.com.au/MarriageCelebrant/CountrySA/TiedByTeilaCivilMarriageCelebrant/,False,5
"Love, Emily - Celebrant Emily Murphy",North Geelong,Victoria,5.0,2,,https://www.easyweddings.com.au/MarriageCelebrant/Geelong/LoveEmily/,False,5
Danielle Perry Authorised Marriage Celebrant,YAMBA,New South Wales,5.0,21,,https://www.easyweddings.com.au/MarriageCelebrant/Lismore/DaniellePerryAuthorisedMarriageCelebrant/,False,5
Jane Dawson Celebrancy,Congarinni,New South Wales,5.0,16,$1200,https://www.easyweddings.com.au/MarriageCelebrant/CoffsHarbour/JaneDawsonCelebrancy/,False,5
Heather Maree Civil Celebrant,Yeppoon,Queensland,5.0,12,,https://www.easyweddings.com.au/MarriageCelebrant/Rockhampton/HeatherMareeCivilCelebrant/,False,5
Sarah The Celebrant,Maitland,New South Wales,5.0,29,$860,https://www.easyweddings.com.au/MarriageCelebrant/HunterValley/SarahAbrahamseCelebrant/,False,5
Happy Days Wedding Celebrant + MC,Byron Bay,New South Wales,5.0,12,$1200,https://www.easyweddings.com.au/MarriageCelebrant/Lismore/HappyDaysWeddingsCelebrant/,False,5
Trish Palmer,Oak Flats,New South Wales,4.96,23,,https://www.easyweddings.com.au/MarriageCelebrant/Wollongong/TrishPalmer/,False,5
Creating Memories with Georgina - Celebrant,Port Pirie,South Australia,0.0,0,$500,https://www.easyweddings.com.au/MarriageCelebrant/CountrySA/CreatingMemorieswithGeorginaCelebrant/,False,5
Tree of Life Ceremonies,Preolenna,Tasmania,0.0,0,$500,https://www.easyweddings.com.au/MarriageCelebrant/Launceston/TreeofLifeCeremonies/,True,5
Katie King Celebrant,Albion Park,New South Wales,5.0,24,,https://www.easyweddings.com.au/MarriageCelebrant/Wollongong/KatieKingCelebrant/,False,5
The Master Celebrant,Ballina,New South Wales,5.0,3,,https://www.easyweddings.com.au/MarriageCelebrant/Lismore/TheMasterCelebrant/,False,5
Your Spirited Celebrant & MC,Mollymook,New South Wales,5.0,10,$1450,https://www.easyweddings.com.au/MarriageCelebrant/Wollongong/YourSpiritedCelebrant/,False,5
Love Joy Marriage,Newrybar | Byron Bay,New South Wales,5.0,2,$850,https://www.easyweddings.com.au/MarriageCelebrant/Lismore/LoveJoyMarriage/,False,5
Chon The Celebrant,Townsville,Queensland,5.0,15,$550,https://www.easyweddings.com.au/MarriageCelebrant/Townsville/ChonTheCelebrant/,False,5
Sharyn Cleaver Celebrant,MOUNT KEIRA,New South Wales,0.0,0,,https://www.easyweddings.com.au/MarriageCelebrant/Wollongong/SharynCleaverCelebrant/,False,5
Yours Truly Celebrant and M.C.,Balmoral Village,New South Wales,5.0,1,,https://www.easyweddings.com.au/MarriageCelebrant/SouthernHighlands/YoursTrulyCelebrantandMC/,False,6
TLCeremonies,Sunshine Coast Mc,Queensland,5.0,1,$700,https://www.easyweddings.com.au/MarriageCelebrant/SunshineCoast/TLCeremonies/,False,6
Tracie Kyne - Celebrant,Rochester,Victoria,0.0,0,,https://www.easyweddings.com.au/MarriageCelebrant/Ballarat/TracieKyneCelebrant/,False,6
NS Gowns & Ceremonies,Gregory River,Queensland,5.0,1,,https://www.easyweddings.com.au/MarriageCelebrant/Whitsundays/NSGownsAndCeremonies/,True,6
Diana Fisk - Celebrancy & Events,Geelong & Surrounds,Victoria,5.0,5,$910,https://www.easyweddings.com.au/MarriageCelebrant/Geelong/Ceremonial/,False,6
PJC Ceremonies For Love & Life,Richmond,New South Wales,5.0,1,,https://www.easyweddings.com.au/MarriageCelebrant/SunshineCoast/PJCCeremoniesForLoveAndLife/,True,6
Mazzy Joy Celebrant,Springbrook,Queensland,5.0,5,$750,https://www.easyweddings.com.au/MarriageCelebrant/GoldCoast/MazzyJoyCelebrant/,False,6
It\'s All About You,Central Coast,New South Wales,5.0,11,$895,https://www.easyweddings.com.au/MarriageCelebrant/CentralCoast/AllAboutYou/,False,6
"With Love, Lauren",Wollongong / South Coast & Canberra,New South Wales,5.0,1,$1500,https://www.easyweddings.com.au/MarriageCelebrant/Wollongong/WithLoveLauren/,False,6
Sweet Basil Celebrant / Styling,Newcastle,New South Wales,5.0,4,,https://www.easyweddings.com.au/MarriageCelebrant/Newcastle/SweetBasilCelebrantStyling/,False,6
Star Celebrant,Bella Vista,New South Wales,5.0,1,$650,https://www.easyweddings.com.au/MarriageCelebrant/BlueMountains/StarCelebrant/,False,6
Wed by Kathryn,Gosford,New South Wales,5.0,1,,https://www.easyweddings.com.au/MarriageCelebrant/HunterValley/wedbyKathryn/,False,6
Celebrant Santina,Townsville,Queensland,5.0,1,$500,https://www.easyweddings.com.au/MarriageCelebrant/Townsville/CelebrantSantina/,False,6
Symbolic Ceremonies,Romsey,Victoria,5.0,1,,https://www.easyweddings.com.au/MarriageCelebrant/Daylesford/SymbolicCeremonies/,False,6
Legally Wed Ceremonies,North Wollongong,New South Wales,0.0,0,$1000,https://www.easyweddings.com.au/MarriageCelebrant/Wollongong/LegallyWedCeremonies/,False,6
Philip Holland Sydney Celebrant,NARRABEEN,New South Wales,4.92,26,,https://www.easyweddings.com.au/MarriageCelebrant/Sydney/PhilipHolland/,False,6
Mark Bassett,Edwardstown,South Australia,4.97,32,,https://www.easyweddings.com.au/MarriageCelebrant/Adelaide/MarkBassett/,False,6
Joanna Ditchburn,Maida Vale,Western Australia,5.0,10,,https://www.easyweddings.com.au/MarriageCelebrant/Perth/JoannaDitchburn/,False,6
Jessie Cacchillo - Marriage Celebrant and MC,Annandale,New South Wales,4.99,168,,https://www.easyweddings.com.au/MarriageCelebrant/Sydney/JessieCacchilloCivilMarriageCelebrant/,False,6
Renee Wilkins,Graceville,Queensland,4.94,31,$950,https://www.easyweddings.com.au/MarriageCelebrant/Brisbane/ReneeWilkins/,False,6
Celebrated Moments,Brisbane,Queensland,5.0,41,,https://www.easyweddings.com.au/MarriageCelebrant/Brisbane/CelebratedMoments/,False,6
Gaynor Cobby Celebrant Services,Malabar,New South Wales,4.97,38,,https://www.easyweddings.com.au/MarriageCelebrant/Sydney/GaynorCobbyCelebrantServices/,False,6
Ann Flockhart Civil Celebrant,Dixons Creek,Victoria,5.0,57,$850,https://www.easyweddings.com.au/MarriageCelebrant/YarraValley/AnnFlockhartCivilCelebrant/,False,6
All About Love Celebrants,Mordialloc,Victoria,4.98,54,$550,https://www.easyweddings.com.au/MarriageCelebrant/Melbourne/AllAboutLoveCelebrants/,False,6
Gail McGuckin - Sydney Marriage Celebrant,Oatley,New South Wales,5.0,23,$750,https://www.easyweddings.com.au/MarriageCelebrant/Sydney/GailMcGuckinSydneyMarriageCelebrant/,False,6
Toni Elsley - Breathe Easy Weddings,Thornleigh,New South Wales,5.0,166,$1300,https://www.easyweddings.com.au/MarriageCelebrant/Sydney/BreatheEasyWeddings/,False,6
More Than Words Ceremonies,Adelaide,South Australia,4.98,49,$1100,https://www.easyweddings.com.au/MarriageCelebrant/Adelaide/MoreThanWordsCeremonies/,False,6
Anthea Halliday Authorised Celebrant,Mullaloo,Western Australia,5.0,4,,https://www.easyweddings.com.au/MarriageCelebrant/Perth/AntheaHallidayAuthorisedCelebrant/,False,6
Hills Celebrant Services,Greenbank,Queensland,4.99,241,,https://www.easyweddings.com.au/MarriageCelebrant/Brisbane/HillsCelebrantServices/,False,6
Megan Thompson,Gisborne,Victoria,5.0,262,,https://www.easyweddings.com.au/MarriageCelebrant/Melbourne/MeganThompson/,False,6
Kaye McGrath,Kilsyth South,Victoria,4.89,9,$600,https://www.easyweddings.com.au/MarriageCelebrant/YarraValley/KayeMcGrath/,False,7
Kylee Payne Celebrant,Perth,Western Australia,5.0,63,$800,https://www.easyweddings.com.au/MarriageCelebrant/Perth/KyleePayneCelebrant/,False,7
Greg Evans,Melbourne,Victoria,5.0,40,,https://www.easyweddings.com.au/MarriageCelebrant/Melbourne/GregEvans/,False,7
Kelly Della Bosca Celebrant,Berwick,Victoria,5.0,81,,https://www.easyweddings.com.au/MarriageCelebrant/Melbourne/KellyDellaBoscaCelebrant/,True,7
Rita Doherty Marriage Celebrant,Melbourne,Victoria,5.0,83,,https://www.easyweddings.com.au/MarriageCelebrant/Melbourne/RitaDohertyMarriageCelebrant/,False,7
Robyn Pattison Civil Marriage Celebrant,West Ryde,New South Wales,4.99,263,,https://www.easyweddings.com.au/MarriageCelebrant/Sydney/RobynPattisonCivilMarriageCelebrant/,False,7
Melissa Fahey - Mine Forever Celebrant Services,Williamstown,Victoria,5.0,38,,https://www.easyweddings.com.au/MarriageCelebrant/Melbourne/MineForeverCelebrantServicesMelissaFahey/,False,7
Julie Dutton Celebrant,Mount Waverley,Victoria,4.96,24,$600,https://www.easyweddings.com.au/MarriageCelebrant/Melbourne/JulieDuttonCelebrant/,False,7
Leanne Booker Celebrant,Camp Hill,Queensland,5.0,159,$780,https://www.easyweddings.com.au/MarriageCelebrant/Brisbane/LeanneBookerCelebrant/,False,7
Helen Stewart Celebrant,Woodbridge,Tasmania,5.0,1,,https://www.easyweddings.com.au/MarriageCelebrant/Hobart/HelenStewartCelebrant/,False,7
Ceremonies by Rosemarie,Balga,Western Australia,4.92,24,$750,https://www.easyweddings.com.au/MarriageCelebrant/Perth/CeremoniesbyRosemarie/,False,7
Life Events by Laurel-Lea,Alexandra Hills,Queensland,5.0,27,,https://www.easyweddings.com.au/MarriageCelebrant/Brisbane/LaurelLeaRossCivilCelebrant/,False,7
Just Love Ceremonies,Warners Bay,New South Wales,4.98,52,$850,https://www.easyweddings.com.au/MarriageCelebrant/HunterValley/MichelleWoloschynMarriageCelebrant/,False,7
Celebrating With Connie,Sandringham,Victoria,5.0,45,,https://www.easyweddings.com.au/MarriageCelebrant/Melbourne/CelebratewithConnie/,True,7
Lou Mazzulla Celebrant,North Perth,Western Australia,5.0,14,$850,https://www.easyweddings.com.au/MarriageCelebrant/Perth/LuigiMazzullaCelebrant/,False,7
Sian Lavater Celebrant and MC - I Do Colourful Celebrations,Greater Brisbane,Queensland,4.98,51,$900,https://www.easyweddings.com.au/MarriageCelebrant/Brisbane/SianLavaterCivilCelebrant/,True,7
"Christopher Blain, Celebrant, DJ, MC, Musician",Malvern East,Victoria,5.0,8,,https://www.easyweddings.com.au/MarriageCelebrant/Melbourne/ChristopherJBlainMelbourneMarriageCelebrant/,False,7
Black Tie Celebrants - Alan Murrell,Arcadia Vale,New South Wales,5.0,3,,https://www.easyweddings.com.au/MarriageCelebrant/Sydney/BlackTieCelebrantsAlanMurrell/,False,7
Weddings by Armin,Victoria Wide,Victoria,5.0,14,$850,https://www.easyweddings.com.au/MarriageCelebrant/Melbourne/WeddingsbyArmin/,False,7
Caleb Melbourne Celebrant - Korean and English Civil & MC,Chadstone,Victoria,5.0,10,,https://www.easyweddings.com.au/MarriageCelebrant/Melbourne/CalebtheCelebrant/,False,7
The Wedding Crasher,East Fremantle,Western Australia,4.99,95,,https://www.easyweddings.com.au/MarriageCelebrant/Perth/TheWeddingCrasher/,False,7
Craig Batchelor - Celebrant & MC,Sydney,New South Wales,5.0,39,,https://www.easyweddings.com.au/MarriageCelebrant/Sydney/CraigBatchelorOverTheRainbowCelebrantServices/,True,7
Celebrate You By Sue Jennings,BLACKWOOD,South Australia,5.0,54,$825,https://www.easyweddings.com.au/MarriageCelebrant/Adelaide/CelebrateYouBySueJennings/,False,7
Patricia Ma Civil Marriage Celebrant,Carlingford,New South Wales,4.99,87,,https://www.easyweddings.com.au/MarriageCelebrant/Sydney/PatriciaMa/,False,7
Phoebe Pham Celebrant,St Marys,New South Wales,4.96,28,,https://www.easyweddings.com.au/MarriageCelebrant/Sydney/PhoebePhamCelebrant/,False,7
Celebrant In The Hills,Perth,Western Australia,4.88,8,,https://www.easyweddings.com.au/MarriageCelebrant/Perth/CelebrantInTheHills/,False,7
Dylan Bond Celebrant MC,Miami,Queensland,5.0,29,$800,https://www.easyweddings.com.au/MarriageCelebrant/Brisbane/DylanBondCelebrantMC/,False,7
Shelley Lingman Celebrant,Rochedale,Queensland,5.0,13,$700,https://www.easyweddings.com.au/MarriageCelebrant/Brisbane/ShelleyLingmanCelebrant/,False,7
Sally Cameron Marriage Celebrant,Unley,South Australia,5.0,48,,https://www.easyweddings.com.au/MarriageCelebrant/Adelaide/SallyCameronMarriageCelebrant/,False,7
"Mark Simpson - Celebrant, MC & DJ",Wollstonecraft,New South Wales,5.0,76,$1000,https://www.easyweddings.com.au/MarriageCelebrant/Sydney/MarkSimpsonCelebrant/,False,7
Weddings with Vee,Terrigal,New South Wales,5.0,11,,https://www.easyweddings.com.au/MarriageCelebrant/HunterValley/WeddingswithVee/,False,8
Anita Morgante Celebrant,Princes Hill,Victoria,5.0,26,$895,https://www.easyweddings.com.au/MarriageCelebrant/Melbourne/AnitaMorganteCelebrant/,False,8
Haere\'mai Ceremonies,New Norfolk,Tasmania,5.0,1,,https://www.easyweddings.com.au/MarriageCelebrant/Hobart/HaeremaiCeremonies/,True,8
Mark Your Ceremony,Perth,,5.0,27,$600,https://www.easyweddings.com.au/MarriageCelebrant/Perth/MarkYourCeremony/,False,8
Ceremonies By Sarah Ciurleo,Bundoora,Victoria,5.0,44,,https://www.easyweddings.com.au/MarriageCelebrant/Melbourne/CeremoniesBySarahCiurleo/,False,8
Love Celebrations by Lisa,Glenelg,South Australia,4.94,16,,https://www.easyweddings.com.au/MarriageCelebrant/Adelaide/LoveCelebrationsbyLisa/,False,8
Nuptials by Mel,Wellard,Western Australia,5.0,6,,https://www.easyweddings.com.au/MarriageCelebrant/Perth/NuptialsbyMel/,False,8
Mark The Celebrant,Brisbane,Queensland,5.0,5,$800,https://www.easyweddings.com.au/MarriageCelebrant/Brisbane/MarkTheCelebrant/,False,8
Cameron Houston - Celebrant,Hawthorn East,Victoria,5.0,20,,https://www.easyweddings.com.au/MarriageCelebrant/Melbourne/CameronHoustonCelebrant/,False,8
Sandie Barnes Celebrant,Sydney,New South Wales,5.0,22,$900,https://www.easyweddings.com.au/MarriageCelebrant/Sydney/SandieBarnesCelebrant/,False,8
Moments with Helen,Corowa,New South Wales,5.0,19,$450,https://www.easyweddings.com.au/MarriageCelebrant/Shepparton/MomentswithHelen/,False,8
Abbeyly Ever After,Melbourne,Victoria,5.0,4,,https://www.easyweddings.com.au/MarriageCelebrant/Melbourne/AbbeylyEverAfter/,False,8
Ceremonies by Sacha + MC,Gold Coast,Queensland,5.0,29,,https://www.easyweddings.com.au/MarriageCelebrant/GoldCoast/Ceremoniesbysacha/,True,8
Jordan Tunbridge Celebrant,Middle Park,Victoria,5.0,15,,https://www.easyweddings.com.au/MarriageCelebrant/Melbourne/JordanTunbridgeCelebrant/,False,8
Margaret Milne Celebrant,HURSTBRIDGE,Victoria,5.0,11,$990,https://www.easyweddings.com.au/MarriageCelebrant/YarraValley/MargaretMilneatyourservice/,False,8
Sally Williams Celebrant,Merricks North,Victoria,5.0,16,,https://www.easyweddings.com.au/MarriageCelebrant/Melbourne/SallyWilliamsCelebrant/,False,8
Married by the Beard,Southern Highlands,New South Wales,5.0,23,$1500,https://www.easyweddings.com.au/MarriageCelebrant/Sydney/MarriedbytheBeard/,False,8
Just Jess Ceremonies,TWEED HEADS,New South Wales,5.0,4,$1000,https://www.easyweddings.com.au/MarriageCelebrant/Brisbane/JustJessCeremonies/,False,8
Trudy the Celebrant,Mitchelton,Queensland,5.0,31,$670,https://www.easyweddings.com.au/MarriageCelebrant/Brisbane/TrudytheCelebrant/,False,8
Celebrate with Sofia,Inner West Sydney,New South Wales,5.0,3,$1000,https://www.easyweddings.com.au/MarriageCelebrant/Sydney/CelebratewithSofia/,False,8
Vows & Co.,Melbourne,Victoria,0.0,0,$650,https://www.easyweddings.com.au/MarriageCelebrant/Melbourne/VowsAndCo/,False,8
Yalin Celebrant,Yarraville,Victoria,5.0,3,$750,https://www.easyweddings.com.au/MarriageCelebrant/Melbourne/YalinCelebrant/,True,8
Sammy the Celebrant,Melbourne,Victoria,5.0,7,$750,https://www.easyweddings.com.au/MarriageCelebrant/Melbourne/SammytheCelebrant/,False,8
Stefania The Celebrant,Brisbane,Queensland,5.0,4,$700,https://www.easyweddings.com.au/MarriageCelebrant/Brisbane/StefaniaTheCelebrant/,False,8
Sally Wood Celebrant,Islington,New South Wales,5.0,2,,https://www.easyweddings.com.au/MarriageCelebrant/HunterValley/SallyWoodCelebrant/,False,8
Beginning to the End Celebrations,Melbourne,Victoria,0.0,0,,https://www.easyweddings.com.au/MarriageCelebrant/Melbourne/BeginningtotheEndCelebrations/,False,8
VowzwithDowz,Melbourne,Victoria,5.0,7,$600,https://www.easyweddings.com.au/MarriageCelebrant/Melbourne/VowzwithDowz/,False,8
Reed H. Brown Marriage Celebrant & MC,Greenwith,South Australia,5.0,9,$800,https://www.easyweddings.com.au/MarriageCelebrant/Adelaide/ReedHBrownMarriageCelebrantAndMC/,False,8
Sheila Ferguson Celebrant,The Gap,Queensland,5.0,6,,https://www.easyweddings.com.au/MarriageCelebrant/Brisbane/SheilaFergusonCelebrant/,False,8
Gorgeousidos,Melbourne and Regional,Victoria,5.0,1,$700,https://www.easyweddings.com.au/MarriageCelebrant/Melbourne/GorgeousIDos/,False,8
Milestone with Hector Padilla,Sydney,New South Wales,5.0,1,$1000,https://www.easyweddings.com.au/MarriageCelebrant/Sydney/Milestone/,False,9
Vows with Flora,Melbourne,Victoria,5.0,12,$1080,https://www.easyweddings.com.au/MarriageCelebrant/Melbourne/VowswithFlora/,False,9
Q2 weddings,Sydney,New South Wales,5.0,18,$1000,https://www.easyweddings.com.au/MarriageCelebrant/Sydney/Q2weddings/,False,9
Trav Dittmar Celebrancy,Adelaide,South Australia,5.0,1,$700,https://www.easyweddings.com.au/MarriageCelebrant/Adelaide/TravDittmarCelebrancy/,False,9
Thu Dinh Celebrant PTY LTD,Villawood,New South Wales,5.0,7,$770,https://www.easyweddings.com.au/MarriageCelebrant/Sydney/ThuDinhPTYLTD/,False,9
Jake It Official,Penrith,New South Wales,5.0,10,$1400,https://www.easyweddings.com.au/MarriageCelebrant/Sydney/JakeItOfficial/,True,9
Toni Richards,New South Wales,New South Wales,5.0,7,,https://www.easyweddings.com.au/MarriageCelebrant/Sydney/ToniRichardsCivilCelebrant/,False,9
Storyline Ceremonies,South East Queensland,Queensland,0.0,0,$790,https://www.easyweddings.com.au/MarriageCelebrant/Brisbane/StorylineCeremonies/,False,9
Claymore Celebrants,Melbourne,Victoria,5.0,1,$900,https://www.easyweddings.com.au/MarriageCelebrant/Melbourne/ClaymoreCelebrants/,False,9
Kathryn Iles - Celebrant,Sydney,New South Wales,0.0,0,$800,https://www.easyweddings.com.au/MarriageCelebrant/Sydney/KathrynIlesCelebrant/,True,9
Say it in Ceremony,South Bunbury,Western Australia,5.0,1,$880,https://www.easyweddings.com.au/MarriageCelebrant/Perth/SayitinCeremony/,False,9
Love is Love - Monique Duggan,Hampton,Victoria,5.0,30,$800,https://www.easyweddings.com.au/MarriageCelebrant/Mornington/AYoungerApproachMoniqueDuggan/,False,9
Sarah Woods,Port Douglas,Queensland,4.97,73,,https://www.easyweddings.com.au/MarriageCelebrant/Cairns/SarahWoods/,False,9
Our Ceremony,Mount Sheridan,Queensland,5.0,30,,https://www.easyweddings.com.au/MarriageCelebrant/Cairns/OurCeremony/,False,9
Lynda Ross,Alice River,Queensland,5.0,10,,https://www.easyweddings.com.au/MarriageCelebrant/Townsville/LyndaRoss/,False,9
Tracy Thorgersen,Broome,Western Australia,5.0,3,,https://www.easyweddings.com.au/MarriageCelebrant/Broome/TracyThorgersen/,False,9
Trudy Long (Brooke),Isle Of Capri,Queensland,5.0,10,,https://www.easyweddings.com.au/MarriageCelebrant/GoldCoast/TrudyBrooke/,False,9
Janice Bradley Marriage Celebrant,Luddenham,New South Wales,4.95,22,$650,https://www.easyweddings.com.au/MarriageCelebrant/BlueMountains/JaniceBradleyMarriageCelebrant/,False,9
Michelle Kiernan – Civil Celebrant,Warranwood,Victoria,5.0,69,,https://www.easyweddings.com.au/MarriageCelebrant/YarraValley/MichelleKiernanCivilCelebrant/,False,9
Susie Figgis Byron Bay Celebrant,Byron Bay,New South Wales,5.0,19,$1500,https://www.easyweddings.com.au/MarriageCelebrant/Lismore/SusieFiggis/,False,9
Jan Goodieson Mildura Celebrant,Mildura,Victoria,5.0,8,,https://www.easyweddings.com.au/MarriageCelebrant/MurrayMildura/JanGoodieson/,False,9
Something Blue Weddings,Kitchener / Pokolbin,New South Wales,5.0,10,$550,https://www.easyweddings.com.au/MarriageCelebrant/HunterValley/SomethingBlueWeddings/,False,9
Sarah Harbison Celebrant,Broadbeach,Queensland,5.0,2,,https://www.easyweddings.com.au/MarriageCelebrant/GoldCoast/SarahHarbisonCelebrant/,False,9
Naomi Korolew | Marriage Celebrant,Mornington,Victoria,5.0,103,,https://www.easyweddings.com.au/MarriageCelebrant/Mornington/NaomiKorolewMarriageCelebrant/,False,9
Roger Hester Celebrant,Morisset,New South Wales,4.0,1,,https://www.easyweddings.com.au/MarriageCelebrant/CentralCoast/RogerHesterCelebrant/,False,9
Celebrant Sue,Broadbeach Waters,Queensland,5.0,20,,https://www.easyweddings.com.au/MarriageCelebrant/GoldCoast/CelebrantSue/,False,9
Sonia Morganti - Tas Celebrancy,Launceston,Tasmania,5.0,2,,https://www.easyweddings.com.au/MarriageCelebrant/Launceston/TasCelebrancy/,False,9
Tim Kelly - Cairns & Port Douglas Marriage Celebrant,Cairns,Queensland,5.0,57,,https://www.easyweddings.com.au/MarriageCelebrant/Cairns/TimKellyMarriageCelebrantCairnsTropicalMarriages/,False,9
Charmaine Tully Celebrant,Katoomba,New South Wales,5.0,5,,https://www.easyweddings.com.au/MarriageCelebrant/BlueMountains/CharmaineTully/,False,9
"Marry Me Marry Me Weddings, By Wendy Alexander",Langwarrin,Victoria,4.67,3,$550,https://www.easyweddings.com.au/MarriageCelebrant/Mornington/WendyAlexanderCivilCelebrant/,False,9
Michele Yarrow,Bowen,Queensland,0.0,0,,https://www.easyweddings.com.au/MarriageCelebrant/Whitsundays/MicheleYarrow/,False,10
Danielle Barker - Marriage Celebrant,Helensvale,Queensland,5.0,18,,https://www.easyweddings.com.au/MarriageCelebrant/GoldCoast/DanielleBarkerMarriageCelebrant/,False,10
Hayley Belle Marriage Celebrant,Coolum Beach,Queensland,5.0,20,$950,https://www.easyweddings.com.au/MarriageCelebrant/SunshineCoast/HayleyBelleMarriageCelebrant/,False,10
Sue Warner - Bellarine Celebrant,Geelong,Victoria,5.0,52,$1000,https://www.easyweddings.com.au/MarriageCelebrant/Geelong/SueWarnerBellarineCelebrant/,False,10
Katrina the Celebrant,Hoppers Crossing,Victoria,5.0,14,,https://www.easyweddings.com.au/MarriageCelebrant/Geelong/KatrinatheCelebrant/,False,10
TK Celebrancy,Currumbin,Queensland,5.0,6,$450,https://www.easyweddings.com.au/MarriageCelebrant/GoldCoast/TKcelebrancy/,False,10
Patricia Hadley,Narrabri,New South Wales,0.0,0,,https://www.easyweddings.com.au/MarriageCelebrant/CountryNSW/PatriciaHadley/,False,10
Vicki Lever Celebrant,Nelson Bay,New South Wales,5.0,14,$885,https://www.easyweddings.com.au/MarriageCelebrant/HunterValley/VickiLeverCelebrant/,False,10
Mark Reynolds - Celebrant,Yarrabilba,Queensland,5.0,95,$800,https://www.easyweddings.com.au/MarriageCelebrant/GoldCoast/MarkReynoldsCelebrant/,False,10
Love Share Declare,Gosford,New South Wales,5.0,13,$700,https://www.easyweddings.com.au/MarriageCelebrant/CentralCoast/LoveShareDeclare/,False,10
Jennifer Funston Celebrant,Cardigan Village,Victoria,5.0,6,,https://www.easyweddings.com.au/MarriageCelebrant/Ballarat/JenniferFunstonCelebrant/,False,10
Pat Mac Anally - Irish Celebrant on the Gold Coast,Benowa,Queensland,4.97,29,$550,https://www.easyweddings.com.au/MarriageCelebrant/GoldCoast/PatMacAnally/,False,10
Michelle Cottell - Marriage Celebrant,Blaxland,New South Wales,5.0,23,$800,https://www.easyweddings.com.au/MarriageCelebrant/BlueMountains/MichelleCottellMarriageCelebrant/,False,10
Rainbow Weddings Qld,Golden Beach,Queensland,5.0,7,$800,https://www.easyweddings.com.au/MarriageCelebrant/SunshineCoast/RainbowWeddingsQld/,False,10
Emma Jansen Marriage Celebrant,Bundaberg,Queensland,5.0,2,,https://www.easyweddings.com.au/MarriageCelebrant/Rockhampton/EmmaJansenMarriageCelebrant/,False,10
Creating Magical Ceremonies,Swan Hill,Victoria,5.0,10,,https://www.easyweddings.com.au/MarriageCelebrant/MurrayMildura/CreatingMagicalCeremonies/,False,10
Hitched with Heart,Theresa Creek,New South Wales,5.0,9,,https://www.easyweddings.com.au/MarriageCelebrant/GoldCoast/CelebrantTammyJayne/,False,10
Zac BRADBURY,Wollongong West,New South Wales,0.0,0,,https://www.easyweddings.com.au/MarriageCelebrant/Wollongong/ZacBRADBURY/,False,10
By Aymie,Palm Beach,Queensland,5.0,14,$850,https://www.easyweddings.com.au/MarriageCelebrant/GoldCoast/ByAymie/,False,10
Companion Celebrations,Bunbury,Western Australia,0.0,0,,https://www.easyweddings.com.au/MarriageCelebrant/MargaretRiver/CompanionCelebrations/,False,10
Hitched by Fabs,Burleigh Waters,Queensland,5.0,124,$1390,https://www.easyweddings.com.au/MarriageCelebrant/GoldCoast/HitchedbyFabs/,False,10
John Bout - Ceremonies About You,Cairns Dc,Queensland,5.0,1,,https://www.easyweddings.com.au/MarriageCelebrant/Cairns/JohnBoutCeremoniesAboutYou/,False,10
Wendy Marston Celebrant,Kings Meadows,Tasmania,5.0,9,$570,https://www.easyweddings.com.au/MarriageCelebrant/Launceston/WendyMarstonCelebrant/,False,10
Fiona Rogers Celebrant,Berkeley Vale,New South Wales,5.0,35,$750,https://www.easyweddings.com.au/MarriageCelebrant/CentralCoast/FionaRogersCelebrant/,False,10
Ruth Pope Marriage Celebrant,Gunnedah,New South Wales,0.0,0,,https://www.easyweddings.com.au/MarriageCelebrant/CountryNSW/RuthPopeMarriageCelebrant/,False,10
Ali Ever After -  Ali Conroy,Edge Hill,Queensland,5.0,58,,https://www.easyweddings.com.au/MarriageCelebrant/Cairns/AliEverAfter/,False,10
Say I Do Celebrancy,Mackay,Queensland,5.0,33,,https://www.easyweddings.com.au/MarriageCelebrant/Whitsundays/SayIdocelebrancy/,True,10
Delia Daghel Celebrant,Sydney,New South Wales,5.0,9,,https://www.easyweddings.com.au/MarriageCelebrant/BlueMountains/DeliaDaghelCelebrant/,False,10
Celebrate with Lucy,Gold Coast,Queensland,5.0,31,$825,https://www.easyweddings.com.au/MarriageCelebrant/GoldCoast/CelebratewithLucy/,False,10
Marriage Celebrant Natalie Freeman,Launceston,Tasmania,4.99,81,,https://www.easyweddings.com.au/MarriageCelebrant/Launceston/MarriageCelebrantNatalieFreeman/,False,10
The Kiss By Melanie,Newcastle,New South Wales,5.0,1,,https://www.easyweddings.com.au/MarriageCelebrant/Newcastle/TheKissByMelanie/,False,11
Love Matrix Celebrancy,Cannonvale,Queensland,5.0,1,$850,https://www.easyweddings.com.au/MarriageCelebrant/Whitsundays/LoveMatrixCelebrancy/,False,11
Sheena Lawrance - Celebrant,Gloucester,New South Wales,5.0,12,$950,https://www.easyweddings.com.au/MarriageCelebrant/PortMacquarie/SheenaLawranceCelebrant/,True,11
Love Your Way Celebrancy,Woy Woy,New South Wales,5.0,8,$600,https://www.easyweddings.com.au/MarriageCelebrant/CentralCoast/LoveYourWayCelebrancy/,False,11
Jeff Hobbs Celebrant,Sale,Victoria,5.0,4,,https://www.easyweddings.com.au/MarriageCelebrant/LakesEntrance/JeffHobbsCelebrant/,False,11
A Simple Celebration - Kathryn Drew,Central Coast,New South Wales,5.0,2,,https://www.easyweddings.com.au/MarriageCelebrant/CentralCoast/ASimpleCelebrationKathrynDrew/,False,11
Love4Life Ceremonies,Ballarat / Bendigo,Victoria,5.0,1,$870,https://www.easyweddings.com.au/MarriageCelebrant/Ballarat/Love4LifeCeremonies/,True,11
Showers of Love Civil Celebrant,GOLD COAST,Queensland,5.0,4,$860,https://www.easyweddings.com.au/MarriageCelebrant/GoldCoast/AprilDaleyHolmesweddingceremonies/,False,11
Truly Truly Events,Doncaster East,Victoria,4.92,12,,https://www.easyweddings.com.au/MarriageCelebrant/YarraValley/TrulyTrulyEvents/,False,11
Fuss Free Ceremonies,Cleveland,Queensland,5.0,4,$550,https://www.easyweddings.com.au/MarriageCelebrant/GoldCoast/FussFreeCeremonies/,False,11
Leanne Markert - Marriage Celebrant,Kewarra Beach,Queensland,5.0,9,,https://www.easyweddings.com.au/MarriageCelebrant/Cairns/LeanneMarkertMarriageCelebrant/,True,11
Elegant Hearts,Penrith,New South Wales,5.0,33,,https://www.easyweddings.com.au/MarriageCelebrant/BlueMountains/ElegantHearts/,False,11
Jason Goode Celebrant,Coffs Harbour,New South Wales,5.0,22,$830,https://www.easyweddings.com.au/MarriageCelebrant/HunterValley/JasonGoodeCelebrant/,True,11
Steve Begley Celebrant,Runaway Bay,Queensland,5.0,7,$700,https://www.easyweddings.com.au/MarriageCelebrant/GoldCoast/SteveBegleyCelebrant/,False,11
Carlee Hay Celebrant,Sunshine Coast,Queensland,5.0,17,$850,https://www.easyweddings.com.au/MarriageCelebrant/SunshineCoast/CarleeHayCelebrant/,False,11
Bernadette Kersh Celebrant,Kelso,Queensland,5.0,22,,https://www.easyweddings.com.au/MarriageCelebrant/Townsville/BernadetteKershCelebrant/,False,11
Elope With Us,South Golden Beach,New South Wales,5.0,11,$1050,https://www.easyweddings.com.au/MarriageCelebrant/Lismore/ElopeWithUs/,True,11
Jen the Celebrant,Sunshine Coast,Queensland,5.0,7,$800,https://www.easyweddings.com.au/MarriageCelebrant/SunshineCoast/JentheCelebrant/,False,11
Southern Charm Celebrants,Southern Highlands,New South Wales,0.0,0,$800,https://www.easyweddings.com.au/MarriageCelebrant/Wollongong/SouthernCharmCelebrant/,False,11
Olivia The Celebrant,Sale,Victoria,5.0,3,$900,https://www.easyweddings.com.au/MarriageCelebrant/LakesEntrance/OliviaTheCelebrant/,False,11
Jo Pierce Ceremonies & MC,Bellingen,New South Wales,5.0,8,,https://www.easyweddings.com.au/MarriageCelebrant/CoffsHarbour/JoPierceCeremonies/,True,11
Aaron Palmer Civil Celebrant,Chirnside Park,Victoria,5.0,9,$950,https://www.easyweddings.com.au/MarriageCelebrant/YarraValley/AaronPalmerCivilCelebrant/,False,11
Lisa Ferguson Celebrant,Nagambie,Victoria,5.0,3,$600,https://www.easyweddings.com.au/MarriageCelebrant/Shepparton/LisaFergusonCelebrant/,False,11
Celebrating Life with Jess,Parkes,New South Wales,5.0,3,"$500,",https://www.easyweddings.com.au/MarriageCelebrant/CountryNSW/CelebratingLife/,True,11
Vicky leggatt Celebrant,Dubbo,New South Wales,4.67,3,$600,https://www.easyweddings.com.au/MarriageCelebrant/CountryNSW/VickyleggattCelebrant/,False,11
Jess Qazi - Celebrant & MC,Rippleside,Victoria,5.0,2,,https://www.easyweddings.com.au/MarriageCelebrant/Geelong/JessQaziCelebrantAndMC/,False,11
Warm Ceremonies,Riddells Creek,Victoria,5.0,2,$800,https://www.easyweddings.com.au/MarriageCelebrant/Daylesford/WarmCeremonies/,False,11
Sharon Laughton Celebrant,Gold Coast,Queensland,0.0,0,,https://www.easyweddings.com.au/MarriageCelebrant/GoldCoast/SharonLaughtonCelebrant/,True,11
Robyn Geiger - Marriage Celebrant,Mackay,Queensland,0.0,0,$800,https://www.easyweddings.com.au/MarriageCelebrant/Whitsundays/RobynGeigerMarriageCelebrant/,True,11
The Love and Legacy Co.,St Leonards,Victoria,5.0,8,,https://www.easyweddings.com.au/MarriageCelebrant/Geelong/TheLoveandLegacyCo/,True,11
Martin Godwin Celebrant,Ballarat,Victoria,5.0,2,$950,https://www.easyweddings.com.au/MarriageCelebrant/Ballarat/MartinGodwinCelebrant/,True,12
Toukley Celebrants,Doyalson North,New South Wales,5.0,3,$650,https://www.easyweddings.com.au/MarriageCelebrant/CentralCoast/ToukleyCelebrants/,True,12
Brendan Carroll - Celebrant & Emcee,Bentleigh,Victoria,5.0,17,,https://www.easyweddings.com.au/MarriageCelebrant/YarraValley/BrendanCarrollCivilCelebrant/,False,12
Joanne Armstrong - Authorised Marriage Celebrant,Witchcliffe,Western Australia,4.97,37,,https://www.easyweddings.com.au/MarriageCelebrant/MargaretRiver/WildHeartCelebrationsJoanneArmstrong/,False,12
Marie Pentland Civil Celebrant,Caulfield,Victoria,4.83,6,,https://www.easyweddings.com.au/MarriageCelebrant/Mornington/MariePentlandCivilCelebrant/,False,12
Nick John Costa - Celebrant & Entertainer,Geographe,Western Australia,0.0,0,,https://www.easyweddings.com.au/MarriageCelebrant/MargaretRiver/NickJohnCostaCelebrantAndEntertainer/,False,12
Heart and Soul Celebrant,Bass,Victoria,5.0,1,,https://www.easyweddings.com.au/MarriageCelebrant/Mornington/HeartandSoulCelebrant/,False,12
Announced by Ali,Lakes Entrance / Gippsland,Victoria,5.0,3,$800,https://www.easyweddings.com.au/MarriageCelebrant/LakesEntrance/AnnouncedbyAli/,True,12
Celebrant Sally Hayes,Belmont,Victoria,5.0,11,,https://www.easyweddings.com.au/MarriageCelebrant/Geelong/CelebrantSallyHayes/,False,12
Well Aisle Be,Albury / Wodonga,Victoria,5.0,1,$1000,https://www.easyweddings.com.au/MarriageCelebrant/WodongaAlbury/WellAisleBe/,False,12
Michelle Stewart Celebrant,Frenchville,Queensland,0.0,0,,https://www.easyweddings.com.au/MarriageCelebrant/Rockhampton/MichelleStewartCelebrant/,True,12
Boutique Celebrant Services,Sunshine Coast / Noosa,Queensland,5.0,13,$950,https://www.easyweddings.com.au/MarriageCelebrant/SunshineCoast/BoutiqueCelebrantServices/,True,12
Married By Mandi,Termeil,New South Wales,5.0,1,$750,https://www.easyweddings.com.au/MarriageCelebrant/Wollongong/MarriedByMandi/,False,12
The Wedding Woman,Ballarat / Bendigo / Grampians,Victoria,5.0,2,,https://www.easyweddings.com.au/MarriageCelebrant/Ballarat/TheWeddingWoman/,True,12
Daniel Harrison Celebrant,Mornington Peninsula,Victoria,5.0,4,$800,https://www.easyweddings.com.au/MarriageCelebrant/Mornington/DanielHarrisonCelebrant/,False,12
Samantha Jayne Celebrant,Highfields,Queensland,0.0,0,$950,https://www.easyweddings.com.au/MarriageCelebrant/CountryQLD/SamanthaJayneCelebrant/,False,12
Vows and Verses,Gold Coast / Tweed Heads,New South Wales,5.0,2,,https://www.easyweddings.com.au/MarriageCelebrant/GoldCoast/VowsandVerses/,False,12
Ceremonies By Gracie,Mornington,Victoria,0.0,0,$775,https://www.easyweddings.com.au/MarriageCelebrant/Mornington/CeremoniesByGracie/,False,12
Sarah Oluk,Oatley,New South Wales,5.0,9,,https://www.easyweddings.com.au/MarriageCelebrant/Sydney/SarahOluk/,False,12
Ceremonies by Cath - Catherine Flavell,Wattle Grove,New South Wales,4.98,174,,https://www.easyweddings.com.au/MarriageCelebrant/Sydney/CeremoniesbyCathCatherineFlavell/,False,12
Sharon Byrne,Ballarat,Victoria,5.0,102,,https://www.easyweddings.com.au/MarriageCelebrant/Daylesford/SharonByrne/,False,12
Heart 2 Heart CMC - Simone Lewis-Cocks,Quakers Hill,New South Wales,5.0,41,$850,https://www.easyweddings.com.au/MarriageCelebrant/Sydney/Heart2HeartMarriageCelebrantSimoneLewisCocks/,False,12
Janine Gilland - Civil Marriage Celebrant,Willaston,South Australia,4.94,51,,https://www.easyweddings.com.au/MarriageCelebrant/Adelaide/JanineGillandCivilMarriageCelebrant/,False,12
Melissa Soncini,Surry Hills,New South Wales,4.99,73,,https://www.easyweddings.com.au/MarriageCelebrant/Sydney/MelissaSoncini/,False,12
Jane Silich,Wandi,Western Australia,4.99,136,$500,https://www.easyweddings.com.au/MarriageCelebrant/Perth/JaneSilich/,False,12
All You Need Is Love - Mark Doggett,Richmond,Victoria,4.99,89,,https://www.easyweddings.com.au/MarriageCelebrant/Melbourne/AllYouNeedIsLoveMarkDoggett/,False,12
Adrian Downey NSW Celebrant,Stanhope Gardens,New South Wales,5.0,26,$500,https://www.easyweddings.com.au/MarriageCelebrant/Sydney/AdrianDowneyNSWCelebrant/,False,12
Camille Abbott Adelaide Celebrant,Oaklands Park,South Australia,5.0,72,$1750,https://www.easyweddings.com.au/MarriageCelebrant/Adelaide/CamilleAbbottMarriageCelebrant/,False,12
Erin Rollason,Mitcham,Victoria,4.97,116,,https://www.easyweddings.com.au/MarriageCelebrant/Melbourne/ErinRollason/,False,12
Lovelly Weddings - Lynn Lovell Celebrant,Magill,South Australia,5.0,8,$650,https://www.easyweddings.com.au/MarriageCelebrant/Adelaide/LovellyWeddings/,False,12
Celebration Services - Penny Hartelt,Boronia,Victoria,4.93,27,,https://www.easyweddings.com.au/MarriageCelebrant/Melbourne/CelebrationServicesPennyHartelt/,False,13
Steph Slater Celebrant,Wanniassa,Australian Capital Territory,5.0,46,,https://www.easyweddings.com.au/MarriageCelebrant/Canberra/StephSlaterCelebrant/,False,13
Rita O\'Reilly Divine Celebrancy,Sydney,New South Wales,4.98,126,$995,https://www.easyweddings.com.au/MarriageCelebrant/SouthernHighlands/RitaOReillyDivineCelebrancy/,False,13
Debra Holder | Celebrating Your Life,Richmond,Victoria,4.98,58,,https://www.easyweddings.com.au/MarriageCelebrant/Melbourne/CelebratingYourLifeDebraHolder/,False,13
Tracey O\'connor - Celebrant & MC,Croydon South,Victoria,4.98,48,,https://www.easyweddings.com.au/MarriageCelebrant/Melbourne/TraceyOConnorCivilMarriageCelebrant/,False,13
Ceremonies Just for You - Gillian Potter Civil Celebrant,Fullarton,South Australia,5.0,36,,https://www.easyweddings.com.au/MarriageCelebrant/Adelaide/CeremoniesJustforYouGillianPotterCivilCelebrant/,False,13
Prestige Celebrations,Regional South Australia & Adelaide,,0.0,0,,https://www.easyweddings.com.au/MarriageCelebrant/Adelaide/PrestigeCelebrations/,False,13
Shantal Crow- Loving Celebrations,Endeavour Hills,Victoria,5.0,6,$700,https://www.easyweddings.com.au/MarriageCelebrant/Melbourne/ShantalCrowLovingCelebrations/,False,13
Therese Camm - Marriage Celebrant,Port Melbourne,Victoria,0.0,0,$800,https://www.easyweddings.com.au/MarriageCelebrant/Melbourne/ThereseCammMarriageCelebrant/,False,13
Martin Bramble,Alexandria,New South Wales,5.0,12,,https://www.easyweddings.com.au/MarriageCelebrant/Sydney/MartinBramble/,False,13
Luke Firth Celebrant,Highgate,Western Australia,4.98,49,$1875,https://www.easyweddings.com.au/MarriageCelebrant/Perth/LukeFirthCelebrant/,False,13
Victoria White - White Weddings Redcliffe,Scarborough,Queensland,5.0,11,$695,https://www.easyweddings.com.au/MarriageCelebrant/Brisbane/WhiteWeddings/,False,13
Sandra Hill,CLEVELAND,Queensland,5.0,61,$690,https://www.easyweddings.com.au/MarriageCelebrant/Brisbane/SandraHillMarriageCelebrant/,False,13
Chris McCafferty - Celebrants Perth,Mullaloo,Western Australia,5.0,6,$900,https://www.easyweddings.com.au/MarriageCelebrant/Perth/ChrisMcCaffertyCelebrantsPerth/,False,13
MnM Weddings,Coodanup,Western Australia,5.0,50,,https://www.easyweddings.com.au/MarriageCelebrant/Perth/MimFitze/,False,13
I Kidd You Knot- Laura Kidd Marriage Celebrant,Stafford Heights,Queensland,4.99,70,$1975,https://www.easyweddings.com.au/MarriageCelebrant/Brisbane/IKiddYouKnotLauraKiddMarriageCelebrant/,False,13
Marriage Celebrant Above and Beyond,Mount Barker,South Australia,4.95,21,$700,https://www.easyweddings.com.au/MarriageCelebrant/Adelaide/JanNiehus/,False,13
Jennifer Cross Civil Celebrant,Goolwa North,South Australia,5.0,27,$850,https://www.easyweddings.com.au/MarriageCelebrant/Adelaide/JenniferCrossCivilCelebrant/,False,13
Christine Castle Marriage Celebrant,Dingley Village,Victoria,5.0,14,$845,https://www.easyweddings.com.au/MarriageCelebrant/Melbourne/ChristineCastleCivilCelebrant/,False,13
Lisa Jones Marriage Celebrant,Melville,Western Australia,5.0,32,$700,https://www.easyweddings.com.au/MarriageCelebrant/Perth/LisaJonesMarriageCelebrant/,False,13
Gary Wilson Celebrant & MC,Brisbane,Queensland,5.0,6,$900,https://www.easyweddings.com.au/MarriageCelebrant/Brisbane/GaryWilsonCelebrantAndMC/,False,13
Crowley The Celebrant,Northmead,New South Wales,4.96,28,,https://www.easyweddings.com.au/MarriageCelebrant/Sydney/CrowleyTheCelebrant/,False,13
Nathalie Brewer - Alternative Celebrant,Northcote,Victoria,5.0,2,,https://www.easyweddings.com.au/MarriageCelebrant/Melbourne/UntameYourVoice/,False,13
Iain Luck Celebrant Services,Melbourne,Victoria,5.0,21,,https://www.easyweddings.com.au/MarriageCelebrant/Melbourne/IainLuckCelebrantServices/,False,13
Sema Keles Marriage Celebrant,Sydney & Surrounds,New South Wales,5.0,30,,https://www.easyweddings.com.au/MarriageCelebrant/Sydney/SemaKelesMarriageCelebrant/,False,13
Lena Saunig Marriage Celebrant ~ Loving Love,Alexandria,New South Wales,5.0,16,$960,https://www.easyweddings.com.au/MarriageCelebrant/Sydney/Lovinglove/,False,13
Married by Andy - Celebrant & MC,Zetland,New South Wales,5.0,98,,https://www.easyweddings.com.au/MarriageCelebrant/Sydney/MarriedbyAndy/,False,13
Annette Carone - Beautiful & Unique,Perth,Western Australia,5.0,71,,https://www.easyweddings.com.au/MarriageCelebrant/Perth/AnnetteCaroneBeautifulAndUnique/,False,13
Forever by Forbes,Canberra,Australian Capital Territory,5.0,5,,https://www.easyweddings.com.au/MarriageCelebrant/Canberra/ForeverbyForbes/,False,13
Annie The Celebrant,Perth,Western Australia,5.0,8,$1500,https://www.easyweddings.com.au/MarriageCelebrant/Perth/AnnieTheCelebrant/,False,13
Teresa Carlson - Celebrancy for all Occasions,Echuca,Victoria,0.0,0,$700,https://www.easyweddings.com.au/MarriageCelebrant/Shepparton/TeresaCarlsonCelebrancyforallOccasions/,True,14
Pam Green Weddings,Melbourne,Victoria,5.0,84,,https://www.easyweddings.com.au/MarriageCelebrant/Melbourne/PamGreenWeddings/,False,14
Joelie Bird,Glynde,South Australia,5.0,22,$2000,https://www.easyweddings.com.au/MarriageCelebrant/Adelaide/JoelieBirdCivilCelebrant/,False,14
Ray Galea Marriage Celebrant - Celebrant With Wings,Kallaroo,Western Australia,4.98,62,,https://www.easyweddings.com.au/MarriageCelebrant/Melbourne/RaymondGaleaCivilCelebrantCelebrantWithWings/,False,14
Robert Cross Marriage Celebrant,Perth,Western Australia,5.0,75,$1100,https://www.easyweddings.com.au/MarriageCelebrant/Perth/RobertCrossMarriageCelebrant/,False,14
Jackie The Celebrant,Forster,New South Wales,5.0,48,$750,https://www.easyweddings.com.au/MarriageCelebrant/Sydney/JacquelineQuatermassCelebrant/,True,14
Sabina\'s Ceremonies - Sabina Turner,TURRAMURRA,New South Wales,5.0,26,$950,https://www.easyweddings.com.au/MarriageCelebrant/Sydney/SabinasCeremonies/,False,14
Jenny Chiu Weddings - Multicultural Weddings Specialist,Alphington,Victoria,5.0,10,,https://www.easyweddings.com.au/MarriageCelebrant/Melbourne/JennyChiuBilingualWeddingPlanning/,False,14
Sam Lavery : The Celebrant,Melbourne,Victoria,5.0,132,,https://www.easyweddings.com.au/MarriageCelebrant/Melbourne/SamLaveryCelebrant/,False,14
Margaret Bates Marriage Celebrant,South Yarra,Victoria,5.0,74,$590,https://www.easyweddings.com.au/MarriageCelebrant/Melbourne/MargaretBatesMarriageCelebrant/,False,14
Sarah Parker,Hobart,Tasmania,5.0,16,$685,https://www.easyweddings.com.au/MarriageCelebrant/Hobart/SarahParker/,False,14
Josh Connelly Civil Celebrant,Croydon,Victoria,5.0,17,$950,https://www.easyweddings.com.au/MarriageCelebrant/Mornington/JoshConnellyCivilCelebrant/,False,14
Karen Farrow Civil Celebrant,Adelaide/riverland region,South Australia,5.0,3,,https://www.easyweddings.com.au/MarriageCelebrant/Adelaide/KarenFarrowCivilCelebrant/,False,14
Jeremy Hodson Celebrant & MC,Sydney,New South Wales,5.0,94,$800,https://www.easyweddings.com.au/MarriageCelebrant/Sydney/JeremyHodsonCelebrant/,False,14
Christian Celebrant Sonia Thomas,ESSENDON FIELDS,Victoria,5.0,81,,https://www.easyweddings.com.au/MarriageCelebrant/Melbourne/WeddingCelebrantSoniaThomas/,False,14
Celebrate with Deb,Victor Harbor,South Australia,5.0,29,$850,https://www.easyweddings.com.au/MarriageCelebrant/Adelaide/CelebratewithDeb/,False,14
Ceremonies by Dina,Terrigal,New South Wales,4.95,22,$850,https://www.easyweddings.com.au/MarriageCelebrant/CentralCoast/CeremoniesbyDina/,False,14
Mitchell Coulthard - Celebrant,Hackham West,South Australia,5.0,1,$650,https://www.easyweddings.com.au/MarriageCelebrant/Adelaide/MitchellCoulthardCelebrant/,False,14
Fiona Winwood Marriage Celebrant,Brighton,South Australia,5.0,57,,https://www.easyweddings.com.au/MarriageCelebrant/Adelaide/FionaWinwoodCivilCelebrant/,False,14
Celebrant Kiki,Canberra,Australian Capital Territory,5.0,31,$750,https://www.easyweddings.com.au/MarriageCelebrant/Canberra/CelebrantKiki/,False,14
Marry Me Jim,Mitchelton,Queensland,0.0,0,$500,https://www.easyweddings.com.au/MarriageCelebrant/Brisbane/MarryMeJim/,False,14
Susanna Jose  Ceremonies,Ngunnawal,Australian Capital Territory,5.0,13,,https://www.easyweddings.com.au/MarriageCelebrant/Canberra/SusannaJoseCeremonies/,False,14
Charles Koker Celebrant,Bonner,Australian Capital Territory,5.0,2,$600,https://www.easyweddings.com.au/MarriageCelebrant/Canberra/CharlesKokerCelebrant/,False,14
Justin Crane Celebrant,Melbourne,Victoria,4.94,16,,https://www.easyweddings.com.au/MarriageCelebrant/Melbourne/JustinCraneCelebrant/,True,14
Sally Dashwood Celebrant,Killara,New South Wales,5.0,4,$850,https://www.easyweddings.com.au/MarriageCelebrant/Sydney/SallyDashwoodCelebrant/,False,14
Sam The Celebrant,Wallsend,New South Wales,5.0,3,,https://www.easyweddings.com.au/MarriageCelebrant/HunterValley/SamanthaGrabdaMarriageCelebrant/,False,14
April M - Marriage Celebrant,Bibra Lake,Western Australia,5.0,22,$1000,https://www.easyweddings.com.au/MarriageCelebrant/Perth/AprilMMarriageCelebrant/,False,14
Memories with Kristy,Mona Vale,New South Wales,5.0,34,$1100,https://www.easyweddings.com.au/MarriageCelebrant/Sydney/MemorieswithKristy/,False,14
Sandra Fay Celebrant,Glenorie,New South Wales,5.0,8,$500,https://www.easyweddings.com.au/MarriageCelebrant/Sydney/SandraFayCelebrant/,False,14
Melissa Price | Celebrant + MC,Nundah,Queensland,5.0,68,$850,https://www.easyweddings.com.au/MarriageCelebrant/Brisbane/MelissaPriceMPMAndCo/,False,14
Chris White Celebrant,Canberra,Australian Capital Territory,5.0,69,,https://www.easyweddings.com.au/MarriageCelebrant/Canberra/ChrisWhiteCelebrant/,False,15
Arrivals Marriages Departures,Camden,New South Wales,5.0,11,$950,https://www.easyweddings.com.au/MarriageCelebrant/Wollongong/ArrivalsMarriagesDepartures/,True,15
Amanda Louise,Mitcham,South Australia,5.0,13,$950,https://www.easyweddings.com.au/MarriageCelebrant/Adelaide/AmandaLouise/,False,15
Callum Walker Weddings,Turner,Australian Capital Territory,5.0,20,,https://www.easyweddings.com.au/MarriageCelebrant/Canberra/CallumWalkerWeddings/,False,15
Chris Ceremonies,Brunswick West,Victoria,5.0,4,$650,https://www.easyweddings.com.au/MarriageCelebrant/Melbourne/ChrisCeremonies/,False,15
John Middleton Celebrant and MC,Henley Beach South,South Australia,5.0,2,$1000,https://www.easyweddings.com.au/MarriageCelebrant/Adelaide/JohnMiddletonCelebrant/,False,15
Ashleigh Jade Weddings,Brisbane,Queensland,5.0,25,,https://www.easyweddings.com.au/MarriageCelebrant/Canberra/AshleighJadeWeddingsandEvents/,False,15
Married by Graham Snow,Browns Plains,Queensland,5.0,50,$800,https://www.easyweddings.com.au/MarriageCelebrant/Brisbane/MarriedbyGrahamSnow/,False,15
Zac Ansell Celebrations,South Yarra,Victoria,0.0,0,$800,https://www.easyweddings.com.au/MarriageCelebrant/Melbourne/ZacAnsellCelebrations/,True,15
Libby Russell Celebrant,Tocumwal,New South Wales,5.0,4,$800,https://www.easyweddings.com.au/MarriageCelebrant/CountryNSW/LibbyRussellCelebrant/,False,15
La Vie Celebrations,Ellenbrook,Western Australia,5.0,7,$700,https://www.easyweddings.com.au/MarriageCelebrant/Perth/LaVieCelebrations/,False,15
Celebrate with Natasha,Watson,Australian Capital Territory,5.0,3,,https://www.easyweddings.com.au/MarriageCelebrant/Canberra/CelebratewithNatasha/,True,15
Stan by Me Ceremonies,Highett,Victoria,5.0,50,$1250,https://www.easyweddings.com.au/MarriageCelebrant/Melbourne/StanbymeCeremonies/,False,15
Emma Chapman Celebrant,Wollstonecraft,New South Wales,5.0,19,,https://www.easyweddings.com.au/MarriageCelebrant/Sydney/EmmaChapmanCelebrant/,False,15
Sarah the Celebrant,Perth,Western Australia,5.0,7,$650,https://www.easyweddings.com.au/MarriageCelebrant/Perth/SarahtheCelebrantPerth/,False,15
Lifetimes Celebrant,Brisbane,Queensland,5.0,3,$725,https://www.easyweddings.com.au/MarriageCelebrant/Brisbane/LifetimesCelebrant/,False,15
Spark Ceremonies,Belair,South Australia,5.0,9,$700,https://www.easyweddings.com.au/MarriageCelebrant/Adelaide/SparkCeremonies/,False,15
Al the Celebrant,Sydney,New South Wales,5.0,6,$700,https://www.easyweddings.com.au/MarriageCelebrant/Sydney/AltheCelebrant/,False,15
Dave the Celebrant,Belair,South Australia,5.0,1,,https://www.easyweddings.com.au/MarriageCelebrant/Adelaide/DavetheCelebrant/,False,15
Celebrations By Bev,Manly,New South Wales,5.0,41,$650,https://www.easyweddings.com.au/MarriageCelebrant/Sydney/CelebrationsByBev/,True,15
Marriage by Design with Kristy,Port Elliot,South Australia,5.0,7,,https://www.easyweddings.com.au/MarriageCelebrant/Adelaide/KristyWoodMarriageCelebrant/,True,15
Michelle Davis Civil Marriage Celebrant,Langwarrin,Victoria,5.0,30,$1000,https://www.easyweddings.com.au/MarriageCelebrant/Melbourne/MichelleDavisCivilMarriageCelebrant/,False,15
Bec Johnson Celebrant,UPPER MAIN ARM,New South Wales,5.0,7,,https://www.easyweddings.com.au/MarriageCelebrant/Lismore/BecJohnsonCelebrant/,True,15
Karl Hand Marriage Celebrant,Sydney,New South Wales,5.0,1,$800,https://www.easyweddings.com.au/MarriageCelebrant/Sydney/KarlHandMarriageCelebrant/,False,15
Ceremonies by Jacqueline,Brisbane,Queensland,5.0,2,$950,https://www.easyweddings.com.au/MarriageCelebrant/Brisbane/CeremoniesbyJacqueline/,True,15
Celia Robbins Celebrant,Sydney,New South Wales,0.0,0,$500,https://www.easyweddings.com.au/MarriageCelebrant/Sydney/CeliaRobbinsCelebrant/,False,15
Celebrant With Ink,Williamstown,Victoria,5.0,4,,https://www.easyweddings.com.au/MarriageCelebrant/Melbourne/CelebrantWithInk/,False,15
Ceremonies by Helen,KIRWAN,Queensland,5.0,2,,https://www.easyweddings.com.au/MarriageCelebrant/Cairns/CeremoniesbyHelen/,False,15
Brontë The Celebrant,Melbourne,Victoria,4.95,19,$800,https://www.easyweddings.com.au/MarriageCelebrant/Melbourne/BrontTheCelebrant/,False,15
Officiating Life Journeys,Echuca,Victoria,5.0,4,$1000,https://www.easyweddings.com.au/MarriageCelebrant/Ballarat/OfficiatingLifeJourneys/,False,15
