group_slug,venue_name,suburb_hint,state,address_hint,evidence_url,notes
merivale,Establishment Ballroom,Sydney,NSW,"252 George St, Sydney NSW 2000",https://merivale.com/partiesandevents/weddings-engagements/establishment-ballroom-weddings/,
merivale,Establishment Level 3,Sydney,NSW,"252 George St, Sydney NSW 2000",https://merivale.com/partiesandevents/weddings-engagements/establishment-rooms-weddings/,Same building as Establishment Ballroom
merivale,Establishment Bar,Sydney,NSW,"252 George St, Sydney NSW 2000",https://merivale.com/partiesandevents/weddings-engagements/establishment-bar-weddings/,Same building as Establishment Ballroom
merivale,ivy Ballroom,Sydney,NSW,"330 George St, Sydney NSW 2000",https://merivale.com/partiesandevents/weddings-engagements/ivy-ballroom-weddings/,Different building from Establishment
merivale,uccello,Sydney,NSW,"Level 6 ivy 330 George St, Sydney NSW 2000",https://merivale.com/partiesandevents/weddings-engagements/uccello-weddings/,
merivale,Felix,Sydney,NSW,"2 Ash St, Sydney NSW 2000",https://merivale.com/partiesandevents/weddings-engagements/felix-weddings/,
merivale,Palmer & Co.,Sydney,NSW,"Abercrombie Lane, Sydney NSW 2000",https://merivale.com/partiesandevents/weddings-engagements/palmer-and-co-weddings/,
merivale,Charlie Parker's,Paddington,NSW,"230 Oxford St, Paddington NSW 2021",https://merivale.com/partiesandevents/weddings-engagements/charlie-parkers-weddings/,
merivale,Fred's,Paddington,NSW,"380 Oxford St, Paddington NSW 2021",https://merivale.com/partiesandevents/weddings-engagements/freds-weddings/,
merivale,Bert's,Newport,NSW,"327 Barrenjoey Rd, Newport NSW 2106",https://merivale.com/partiesandevents/weddings-engagements/berts-weddings/,
merivale,mimi's,Coogee,NSW,"169 Dolphin St, Coogee NSW 2034",https://merivale.com/partiesandevents/weddings-engagements/mimis-weddings/,
merivale,Totti's Lorne,Lorne,VIC,"176 Mountjoy Parade, Lorne VIC 3232",https://merivale.com/partiesandevents/weddings-engagements/tottis-lorne-weddings/,
merivale,Lorne Hotel Rooftop,Lorne,VIC,"176 Mountjoy Parade, Lorne VIC 3232",https://merivale.com/partiesandevents/weddings-engagements/lorne-hotel-rooftop-weddings/,Same building as Totti's Lorne
merivale,House of Merivale,Sydney,NSW,Sydney CBD,https://merivale.com/partiesandevents/weddings-engagements/house-of-merivale-weddings/,Sydney CBD location TBC — was incorrectly matched to Somerley House previously
merivale,J&M,Sydney,NSW,Sydney CBD,https://merivale.com/partiesandevents/weddings-engagements/jandm-weddings/,
merivale,The Newport,Newport,NSW,"2 Kalinya St, Newport NSW 2106",https://merivale.com/partiesandevents/weddings-engagements/,Mentioned in Easy Weddings as Merivale wedding venue
solotel,Aria,Sydney,NSW,"1 Macquarie St, Sydney NSW 2000",https://solotel.com.au/weddings,
solotel,Chiswick,Woollahra,NSW,"65 Ocean St, Woollahra NSW 2025",https://solotel.com.au/weddings,
solotel,Opera Bar,Sydney,NSW,"Lower Concourse Sydney Opera House, Bennelong Point NSW 2000",https://solotel.com.au/weddings,
solotel,Barangaroo House,Barangaroo,NSW,"35 Barangaroo Ave, Barangaroo NSW 2000",https://solotel.com.au/weddings,
solotel,The Bank Hotel,Newtown,NSW,"324 King St, Newtown NSW 2042",https://solotel.com.au/weddings,
solotel,The Golden Sheaf,Double Bay,NSW,"429 New South Head Rd, Double Bay NSW 2028",https://solotel.com.au/weddings,
solotel,The Marly,Newtown,NSW,"354 King St, Newtown NSW 2042",https://solotel.com.au/weddings,
solotel,Public House Petersham,Petersham,NSW,"292 Stanmore Rd, Petersham NSW 2049",https://solotel.com.au/weddings,
solotel,The Clock Hotel,Surry Hills,NSW,"470 Crown St, Surry Hills NSW 2010",https://solotel.com.au/weddings,
solotel,Darlo Bar,Darlinghurst,NSW,"306 Liverpool St, Darlinghurst NSW 2010",https://solotel.com.au/weddings,
solotel,Goros,Surry Hills,NSW,"84 Mary St, Surry Hills NSW 2010",https://solotel.com.au/weddings,
solotel,Kings Cross Hotel,Potts Point,NSW,"244-248 William St, Potts Point NSW 2011",https://solotel.com.au/weddings,
solotel,North Bondi Fish,North Bondi,NSW,"120 Ramsgate Ave, North Bondi NSW 2026",https://solotel.com.au/weddings,
solotel,Sackville Hotel,Rozelle,NSW,"599 Darling St, Rozelle NSW 2039",https://solotel.com.au/weddings,
solotel,The Woodstock Hotel,Camperdown,NSW,"6 Mallett St, Camperdown NSW 2050",https://solotel.com.au/weddings,
solotel,Albion Hotel Parramatta,Parramatta,NSW,"135 George St, Parramatta NSW 2150",https://solotel.com.au/weddings,
solotel,Bridgeview Hotel,Willoughby,NSW,Sydney NSW,https://solotel.com.au/weddings,
solotel,Chophouse,Sydney,NSW,"25 Bligh St, Sydney NSW 2000",https://solotel.com.au/weddings,
solotel,Riverbar & Kitchen,Brisbane,QLD,"Eagle St Pier, Brisbane QLD 4000",https://solotel.com.au/weddings,Brisbane location
solotel,Abercrombie,Chippendale,NSW,"100 Broadway, Chippendale NSW 2008",https://solotel.com.au/weddings,
solotel,Paddo Inn,Paddington,NSW,"338 Oxford St, Paddington NSW 2021",https://solotel.com.au/weddings,
solotel,Oxford House,Paddington,NSW,"100 Oxford St, Paddington NSW 2021",https://solotel.com.au/weddings,Acquired Dec 2024
solotel,The Norfolk,Redfern,NSW,"305 Cleveland St, Redfern NSW 2016",https://solotel.com.au/weddings,Acquired Dec 2024 from Public Hospitality Group (Adgemis)
solotel,Camelia Grove Hotel,Alexandria,NSW,"Botany Rd, Alexandria NSW 2015",https://solotel.com.au/weddings,Acquired Dec 2024 from Public Hospitality Group (Adgemis)
trippas-white,Sydney Opera House,Sydney,NSW,"Bennelong Point, Sydney NSW 2000",https://trippaswhitegroup.com.au/events/weddings/,Yallamundi Rooms / Utzon Room / Concert Hall Foyer
trippas-white,Botanic House,Sydney,NSW,"Royal Botanic Gardens, Mrs Macquaries Rd, Sydney NSW 2000",https://trippaswhitegroup.com.au/events/weddings/,
trippas-white,Centennial Homestead,Centennial Park,NSW,"Centennial Park, Grand Drive, NSW 2021",https://trippaswhitegroup.com.au/events/weddings/,
trippas-white,Taronga Zoo Centre,Mosman,NSW,"Bradleys Head Rd, Mosman NSW 2088",https://trippaswhitegroup.com.au/events/weddings/,Dalang Ballroom / Gili Rooftop
trippas-white,Terrace on the Domain,Sydney,NSW,"1 Art Gallery Rd, Sydney NSW 2000",https://trippaswhitegroup.com.au/events/weddings/,
trippas-white,Reign at the QVB,Sydney,NSW,"Level 1 QVB, 455 George St, Sydney NSW 2000",https://trippaswhitegroup.com.au/events/weddings/,
trippas-white,Walsh Bay Kitchen,Walsh Bay,NSW,"Hickson Rd, Walsh Bay NSW 2000",https://trippaswhitegroup.com.au/events/weddings/,
trippas-white,The Lookout Echo Point,Katoomba,NSW,"Echo Point Rd, Katoomba NSW 2780",https://trippaswhitegroup.com.au/events/weddings/,Blue Mountains
trippas-white,ESQ Bar & Dining,Sydney,NSW,"108 Market St, Sydney NSW 2000",https://trippaswhitegroup.com.au/events/weddings/,
trippas-white,Infinity at Sydney Tower,Sydney,NSW,"Sydney Tower, 100 Market St, Sydney NSW 2000",https://trippaswhitegroup.com.au/events/weddings/,
trippas-white,SkyFeast at Sydney Tower,Sydney,NSW,"Sydney Tower, 100 Market St, Sydney NSW 2000",https://trippaswhitegroup.com.au/events/weddings/,Same building as Infinity / Bar 83
trippas-white,Bar 83 at Sydney Tower,Sydney,NSW,"Sydney Tower, 100 Market St, Sydney NSW 2000",https://trippaswhitegroup.com.au/events/weddings/,
trippas-white,Australian War Memorial,Campbell,ACT,"Treloar Cres, Campbell ACT 2612",https://trippaswhitegroup.com.au/events/weddings/,Canberra
trippas-white,National Gallery of Australia,Parkes,ACT,"Parkes Pl, Parkes ACT 2600",https://trippaswhitegroup.com.au/events/weddings/,Canberra
trippas-white,Roslyn Packer Theatre,Walsh Bay,NSW,"22 Hickson Rd, Walsh Bay NSW 2000",https://trippaswhitegroup.com.au/events/weddings/,
trippas-white,Queens Park Kitchen,Centennial Park,NSW,Centennial Park NSW 2021,https://trippaswhitegroup.com.au/events/weddings/,
trippas-white,Mary Mae's Bar & Kitchen,Sydney,NSW,Sydney NSW,https://trippaswhitegroup.com.au/events/weddings/,
grand-pacific-group,Gunners' Barracks,Mosman,NSW,"End of Suakin Drive, Georges Heights NSW 2088",https://grandpacificgroup.com.au/venues/,
grand-pacific-group,Sergeants' Mess,Mosman,NSW,"Chowder Bay Rd, Chowder Bay NSW 2088",https://grandpacificgroup.com.au/venues/,
grand-pacific-group,Dunbar House,Watsons Bay,NSW,"9 Marina Parade, Watsons Bay NSW 2030",https://grandpacificgroup.com.au/venues/,
grand-pacific-group,The Tea Room QVB,Sydney,NSW,"Level 3 QVB, 455 George St, Sydney NSW 2000",https://grandpacificgroup.com.au/venues/,
grand-pacific-group,The Blue Room Bondi,Bondi Beach,NSW,"Bondi Surf Bathers Life Saving Club, Queen Elizabeth Drive, Bondi Beach NSW 2026",https://grandpacificgroup.com.au/venues/,
grand-pacific-group,The Marion,Canberra,ACT,Canberra ACT,https://grandpacificgroup.com.au/venues/,
grand-pacific-group,The Palace Tea Room,Canberra,ACT,Canberra ACT,https://grandpacificgroup.com.au/venues/,
grand-pacific-group,Walter Cafe,Sydney,NSW,Sydney NSW,https://grandpacificgroup.com.au/venues/,
the-venues-collection,Watersedge at Campbell's Stores,The Rocks,NSW,"Campbell's Stores, 7-27 Circular Quay W, The Rocks NSW 2000",https://thevenuesco.au/watersedge/,
the-venues-collection,12-Micron,Barangaroo,NSW,"International Towers, Tower One, Barangaroo NSW 2000",https://thevenuesco.au/12-micron/,
the-venues-collection,Athol Hall,Mosman,NSW,"Bradleys Head Rd, Mosman NSW 2088",https://thevenuesco.au/athol-hall/,
the-venues-collection,Orso Bayside,Mosman,NSW,"The Spit, Mosman NSW 2088",https://thevenuesco.au/orsobayside/,
the-venues-collection,Cropley House,Baulkham Hills,NSW,Baulkham Hills NSW 2153,https://thevenuesco.au/,
the-venues-collection,The Woodlands,Dural,NSW,Dural NSW 2158,https://thevenuesco.au/,
doltone-house,Doltone House Jones Bay Wharf,Pyrmont,NSW,"Upper Deck Jones Bay Wharf, 26-32 Pirrama Rd, Pyrmont NSW 2009",https://doltonehouse.com.au/wedding-events/,
doltone-house,Doltone House Sylvania Waters,Sylvania Waters,NSW,"Tonkin Park, 424 Princes Hwy, Sylvania NSW 2224",https://doltonehouse.com.au/venue/sylvania-waters/,Original Doltone House
doltone-house,Doltone House Hyde Park,Sydney,NSW,"181 Elizabeth St, Sydney NSW 2000",https://doltonehouse.com.au/wedding-events/,
doltone-house,Doltone House Darling Island,Pyrmont,NSW,"Pirrama Rd, Pyrmont NSW 2009",https://doltonehouse.com.au/wedding-events/,
doltone-house,Doltone House REVY,Pyrmont,NSW,Pyrmont NSW 2009,https://doltonehouse.com.au/intimate-wedding/,
doltone-house,Doltone House Western Sydney,Liverpool,NSW,Western Sydney NSW,https://doltonehouse.com.au/venue/western-sydney/,Established 2022
navarra-venues,Curzon Hall,Marsfield,NSW,"53 Agincourt Rd, Marsfield NSW 2122",https://navarravenues.com.au/weddings,
navarra-venues,Le Montage,Lilyfield,NSW,"38 Frazer St, Lilyfield NSW 2040",https://navarravenues.com.au/weddings,
navarra-venues,Oatlands House,Oatlands,NSW,"Bettington Rd, Oatlands NSW 2117",https://navarravenues.com.au/weddings,
navarra-venues,Conca D'Oro,Riverwood,NSW,"49 Belmore Rd N, Riverwood NSW 2210",https://navarravenues.com.au/weddings,
navarra-venues,Miramare Gardens,Terrey Hills,NSW,"Mona Vale Rd, Terrey Hills NSW 2084",https://navarravenues.com.au/weddings,
fink-group,Quay,Sydney,NSW,"Upper Level Overseas Passenger Terminal, The Rocks NSW 2000",https://finkgroup.com.au/,
fink-group,Bennelong,Sydney,NSW,"Sydney Opera House, Bennelong Point NSW 2000",https://finkgroup.com.au/,
fink-group,Otto Sydney,Woolloomooloo,NSW,"6 Cowper Wharf Roadway, Woolloomooloo NSW 2011",https://finkgroup.com.au/,
fink-group,Bea,Barangaroo,NSW,"Barangaroo House, 35 Barangaroo Ave NSW 2000",https://finkgroup.com.au/,Note: was Solotel-operated
fink-group,Beach Byron Bay,Byron Bay,NSW,Byron Bay NSW 2481,https://finkgroup.com.au/,
sydney-restaurant-group,Aqua Dining,Milsons Point,NSW,"Corner Paul & Northcliff St, Milsons Point NSW 2061",https://srghospitality.com.au/venues/,
sydney-restaurant-group,The Fenwick,Balmain,NSW,"Wharf Rd, Balmain NSW 2041",https://srghospitality.com.au/venues/,
sydney-restaurant-group,Sails on Lavender Bay,Lavender Bay,NSW,"2 Henry Lawson Ave, Lavender Bay NSW 2060",https://srghospitality.com.au/venues/,
sydney-restaurant-group,Ventuno,Walsh Bay,NSW,"Pier 6/7 Hickson Rd, Walsh Bay NSW 2000",https://srghospitality.com.au/venues/,
sydney-restaurant-group,Ripples Chowder Bay,Mosman,NSW,"Building 7 Chowder Bay Rd, Mosman NSW 2088",https://srghospitality.com.au/venues/,
sydney-restaurant-group,Chiswick at the Gallery,Sydney,NSW,"Art Gallery Rd, Sydney NSW 2000",https://srghospitality.com.au/venues/,Note: separate from Solotel Chiswick
dedes-waterfront,Deckhouse Woolwich,Woolwich,NSW,"Clarke Rd, Woolwich NSW 2110",https://dedesgroup.com.au/weddings/,
dedes-waterfront,Flying Fish,Pyrmont,NSW,"Lower Deck Jones Bay Wharf, 19-21 Pirrama Rd, Pyrmont NSW 2009",https://dedesgroup.com.au/weddings/,
dedes-waterfront,Dedes at the Point,Sans Souci,NSW,"Russell Ave, Sans Souci NSW 2219",https://dedesgroup.com.au/weddings/,
dedes-waterfront,Le Shed,Sans Souci,NSW,"Russell Ave, Sans Souci NSW 2219",https://dedesgroup.com.au/weddings/,
dockside-group,Dockside,Cockle Bay,NSW,"Cockle Bay Wharf, Darling Park, Sydney NSW 2000",https://docksidegroup.com.au/,
dockside-group,L'Aqua,Cockle Bay,NSW,"Cockle Bay Wharf, Darling Park, Sydney NSW 2000",https://docksidegroup.com.au/,
dockside-group,Star Room,Cockle Bay,NSW,"Cockle Bay Wharf, Darling Park, Sydney NSW 2000",https://docksidegroup.com.au/,
zest-waterfront,The Beachhouse Point Piper,Point Piper,NSW,Point Piper NSW 2027,https://zest.net.au/weddings/,
zest-waterfront,The Boathouse Spit,Mosman,NSW,"The Spit, Mosman NSW 2088",https://zest.net.au/weddings/,
zest-waterfront,Beach Club Collaroy,Collaroy,NSW,"1064 Pittwater Rd, Collaroy NSW 2097",https://zest.net.au/weddings/,
public-hospitality,The Strand Hotel,Darlinghurst,NSW,Darlinghurst NSW 2010,https://publichospitality.com.au,Strand Hotel rooftop
public-hospitality,The Old Fitz,Woolloomooloo,NSW,"129 Dowling St, Woolloomooloo NSW 2011",https://publichospitality.com.au,
public-hospitality,The Royal Hotel,Bondi,NSW,"21 Bondi Rd, Bondi NSW 2026",https://publichospitality.com.au,
applejack,Butler Potts Point,Potts Point,NSW,"123 Victoria St, Potts Point NSW 2011",https://applejackhospitality.com.au,
applejack,The Botanist Kirribilli,Kirribilli,NSW,"17 Willoughby St, Kirribilli NSW 2061",https://applejackhospitality.com.au,
applejack,SoCal Neutral Bay,Neutral Bay,NSW,"1/1-7 Grosvenor St, Neutral Bay NSW 2089",https://applejackhospitality.com.au,
applejack,Endeavour Tap Rooms,The Rocks,NSW,"39-43 Argyle St, The Rocks NSW 2000",https://applejackhospitality.com.au,
applejack,Bopp & Tone,Sydney,NSW,"60 Bathurst St, Sydney NSW 2000",https://applejackhospitality.com.au,
applejack,Foxglove,Sydney,NSW,"Walker Lane, Sydney NSW 2000",https://applejackhospitality.com.au,
applejack,The Lobo Plantation,Sydney,NSW,"Bligh St, Sydney NSW 2000",https://applejackhospitality.com.au,
boathouse-group,The Boathouse Palm Beach,Palm Beach,NSW,"Governor Phillip Park, Beach Rd, Palm Beach NSW 2108",https://theboathousegroup.com.au/venues,
boathouse-group,The Boathouse Shelly Beach,Manly,NSW,"Marine Parade, Manly NSW 2095",https://theboathousegroup.com.au/venues,
boathouse-group,The Boathouse Balmoral,Balmoral,NSW,"The Esplanade, Balmoral NSW 2088",https://theboathousegroup.com.au/venues,
boathouse-group,Manly Pavilion,Manly,NSW,"West Esplanade, Manly NSW 2095",https://theboathousegroup.com.au/venues,
boathouse-group,The Boathouse Patonga,Patonga,NSW,"Patonga Rd, Patonga NSW 2256",https://theboathousegroup.com.au/venues,Cafe/restaurant at Patonga wharf — distinct from Boathouse Hotel Patonga
boathouse-group,The Boathouse Hotel Patonga,Patonga,NSW,"5 Patonga Drive, Patonga NSW 2256",https://theboathousegroup.com.au/venues,Boutique hotel — distinct from Boathouse Patonga cafe
laundy-hotels,Watsons Bay Boutique Hotel,Watsons Bay,NSW,"1 Military Rd, Watsons Bay NSW 2030",,
laundy-hotels,The Tea Gardens Hotel,Bondi Junction,NSW,Tea Gardens Bondi Junction NSW 2022,,
laundy-hotels,The Log Cabin,Penrith,NSW,Penrith NSW,,
laundy-hotels,The Macquarie Hotel,Liverpool,NSW,Liverpool NSW,,Possibly Laundy
escarpment-group,Hydro Majestic Hotel,Medlow Bath,NSW,"52-88 Great Western Hwy, Medlow Bath NSW 2780",https://escarpmentgroup.com.au,
escarpment-group,Lilianfels Resort & Spa,Katoomba,NSW,"5 Lilianfels Ave, Katoomba NSW 2780",https://escarpmentgroup.com.au,
escarpment-group,Echoes Boutique Hotel,Katoomba,NSW,"3 Lilianfels Ave, Katoomba NSW 2780",https://escarpmentgroup.com.au,
escarpment-group,Parklands Country Garden,Blackheath,NSW,"132 Govetts Leap Rd, Blackheath NSW 2785",https://escarpmentgroup.com.au,
bannisters,Bannisters by the Sea,Mollymook,NSW,"191 Mitchell Parade, Mollymook NSW 2539",,
bannisters,Bannisters Port Stephens,Soldiers Point,NSW,"35 Soldiers Point Rd, Soldiers Point NSW 2317",,
the-big-group,Luminare,South Yarra,VIC,"38-46 Crown St, South Yarra VIC 3141",https://thebiggroup.com.au,
the-big-group,The Glasshouse Olympic Park,Melbourne,VIC,"Olympic Boulevard, Melbourne VIC 3000",https://thebiggroup.com.au,
the-big-group,Melbourne Museum,Carlton,VIC,"11 Nicholson St, Carlton VIC 3053",https://thebiggroup.com.au,Big Group catering
the-big-group,Lume,Southbank,VIC,"477 Flinders St, Southbank VIC 3006",https://thebiggroup.com.au,Possibly Big Group
atlantic-group,Peninsula,Docklands,VIC,"Central Pier, 161 Harbour Esplanade, Docklands VIC 3008",https://atlanticgroup.com.au,
atlantic-group,The Woolshed Pub,Docklands,VIC,"727 Bourke St, Docklands VIC 3008",https://atlanticgroup.com.au,
atlantic-group,Sketch Restaurant Bar,Docklands,VIC,"161 Harbour Esplanade, Docklands VIC 3008",https://atlanticgroup.com.au,
atlantic-group,Cargo Hall,South Wharf,VIC,"39 South Wharf Promenade, South Wharf VIC 3006",https://atlanticgroup.com.au,Atlantic Group operates. Was previously double-listed under Showtime — removed in dedup.
showtime-event-group,Showtime Events Centre,South Wharf,VIC,"39 South Wharf Promenade, South Wharf VIC 3006",https://showtimeeventgroup.com.au,
showtime-event-group,The Park Albert Park,Albert Park,VIC,"Park St, Albert Park VIC 3206",https://showtimeeventgroup.com.au,Possibly Showtime
showtime-event-group,State Library Victoria,Melbourne,VIC,"328 Swanston St, Melbourne VIC 3000",https://showtimeeventgroup.com.au,
showtime-event-group,Whitehouse Reception,Williamstown,VIC,Williamstown VIC 3016,https://showtimeeventgroup.com.au,
showtime-event-group,San Telmo,Melbourne,VIC,"14 Meyers Pl, Melbourne VIC 3000",https://showtimeeventgroup.com.au,
sand-hill-road,Garden State Hotel,Melbourne,VIC,"101 Flinders Lane, Melbourne VIC 3000",https://sandhillroad.com.au,
sand-hill-road,The Espy,St Kilda,VIC,"11 The Esplanade, St Kilda VIC 3182",https://sandhillroad.com.au,
sand-hill-road,The Newmarket Hotel,St Kilda,VIC,"34 Inkerman St, St Kilda VIC 3182",https://sandhillroad.com.au,
sand-hill-road,The Posty,Melbourne,VIC,"131 Queen St, Melbourne VIC 3000",https://sandhillroad.com.au,
sand-hill-road,Bridge Hotel,Richmond,VIC,"642 Bridge Rd, Richmond VIC 3121",https://sandhillroad.com.au,
sand-hill-road,Holliava,Carlton,VIC,Carlton VIC,https://sandhillroad.com.au,
mulberry-group,Hazel,Melbourne,VIC,"325 Flinders Lane, Melbourne VIC 3000",https://themulberrygroup.com.au,
mulberry-group,Dessous,Brunswick East,VIC,"309 Lygon St, Brunswick East VIC 3057",https://themulberrygroup.com.au,
mulberry-group,Surry,Surry Hills,NSW,Surry Hills NSW 2010,https://themulberrygroup.com.au,Sydney location
mulberry-group,Hope St Radio,Collingwood,VIC,"4/2-12 Hocking St, Collingwood VIC 3066",https://themulberrygroup.com.au,
riverland-group,The Boatbuilders Yard,South Wharf,VIC,"23 South Wharf Promenade, South Wharf VIC 3006",https://riverlandgroup.com.au,
riverland-group,Pilgrim Bar,South Wharf,VIC,"Wharf St, South Wharf VIC 3006",https://riverlandgroup.com.au,
riverland-group,Common Man,South Wharf,VIC,"39 South Wharf Promenade, South Wharf VIC 3006",https://riverlandgroup.com.au,
riverland-group,Beer Garden,South Wharf,VIC,South Wharf VIC 3006,https://riverlandgroup.com.au,
european-group,The European,Melbourne,VIC,"161 Spring St, Melbourne VIC 3000",https://eurogroup.com.au,
european-group,Siglo,Melbourne,VIC,"161 Spring St, Melbourne VIC 3000",https://eurogroup.com.au,Same building as The European
european-group,City Wine Shop,Melbourne,VIC,"159 Spring St, Melbourne VIC 3000",https://eurogroup.com.au,Adjacent to The European
european-group,Supper Club,Melbourne,VIC,"161 Spring St, Melbourne VIC 3000",https://eurogroup.com.au,Same building as The European
european-group,Kirk's Wine Bar,Melbourne,VIC,"19 Hardware Lane, Melbourne VIC 3000",https://eurogroup.com.au,
lancemore-group,Lancemore Mansion Hotel & Spa Werribee Park,Werribee,VIC,"K Rd, Werribee South VIC 3030",https://lancemore.com.au,
lancemore-group,Lancemore Lindenderry Red Hill,Red Hill,VIC,"142 Arthurs Seat Rd, Red Hill South VIC 3937",https://lancemore.com.au,
lancemore-group,Lancemore Milawa,Milawa,VIC,Milawa VIC 3678,https://lancemore.com.au,
lancemore-group,Lancemore Daylesford,Hepburn Springs,VIC,Hepburn Springs VIC 3461,https://lancemore.com.au,
lancemore-group,Macedon Spa Suites,Macedon,VIC,Macedon VIC 3440,https://lancemore.com.au,
jackalope-hotels,Jackalope Mornington Peninsula,Merricks North,VIC,"166 Balnarring Rd, Merricks North VIC 3926",https://jackalopehotels.com/weddings/,
zonzo-estate,Zonzo Estate,Yarra Glen,VIC,"957 Healesville-Yarra Glen Rd, Yarra Glen VIC 3775",https://zonzo.com.au/weddings/,
howard-smith-wharves,Felons Brewing,Brisbane,QLD,"5 Boundary St, Brisbane City QLD 4000",https://howardsmithwharves.com/weddings/,
howard-smith-wharves,Mr Percival's,Brisbane,QLD,"5 Boundary St, Brisbane City QLD 4000",https://howardsmithwharves.com/weddings/,Same precinct
howard-smith-wharves,Stanley,Brisbane,QLD,"7 Boundary St, Brisbane City QLD 4000",https://howardsmithwharves.com/weddings/,
howard-smith-wharves,Greca,Brisbane,QLD,"Howard Smith Wharves, 5 Boundary St, Brisbane City QLD 4000",https://howardsmithwharves.com/weddings/,
howard-smith-wharves,The Boatshed,Brisbane,QLD,"Howard Smith Wharves, Boundary St, Brisbane City QLD 4000",https://howardsmithwharves.com/weddings/,Same precinct
howard-smith-wharves,Howard Smith Wharves Function Centre,Brisbane,QLD,"5 Boundary St, Brisbane City QLD 4000",https://howardsmithwharves.com/weddings/,
ghanem-group,Iris Rooftop,Brisbane,QLD,Brisbane CBD QLD 4000,https://ghanemgroup.com.au,
ghanem-group,Donna Chang,Brisbane,QLD,"171 George St, Brisbane City QLD 4000",https://ghanemgroup.com.au,
ghanem-group,Boom Boom Room,Brisbane,QLD,Brisbane CBD QLD 4000,https://ghanemgroup.com.au,
ghanem-group,Blackbird,Brisbane,QLD,"Eagle St Pier, 1 Eagle St, Brisbane City QLD 4000",https://ghanemgroup.com.au,
ghanem-group,Brunswick Social,Fortitude Valley,QLD,"Brunswick St, Fortitude Valley QLD 4006",https://ghanemgroup.com.au,
artesian-hospitality,Cali Beach,Surfers Paradise,QLD,"Soul Boardwalk, 4-14 The Esplanade, Surfers Paradise QLD 4217",https://artesiancorp.com,
artesian-hospitality,Burleigh Pavilion,Burleigh Heads,QLD,"43 Goodwin Terr, Burleigh Heads QLD 4220",https://artesiancorp.com,
artesian-hospitality,Burleigh Social,Burleigh Heads,QLD,"43 Goodwin Terr, Burleigh Heads QLD 4220",https://artesiancorp.com,
artesian-hospitality,The Tropic,Burleigh Heads,QLD,Burleigh Heads QLD 4220,https://artesiancorp.com,
morris-group,Daintree Ecolodge,Daintree,QLD,"20 Daintree Rd, Daintree QLD 4873",https://morrisgroup.com.au,
morris-group,Orpheus Island Lodge,Orpheus Island,QLD,Orpheus Island QLD 4816,https://morrisgroup.com.au,
morris-group,Mt Mulligan Lodge,Mt Mulligan,QLD,Mt Mulligan QLD 4871,https://morrisgroup.com.au,
spicers-retreats,Spicers Guesthouse,Pokolbin,NSW,"Ekerts Rd, Pokolbin NSW 2320",https://spicersretreats.com/weddings/,Hunter Valley
spicers-retreats,Spicers Peak Lodge,Maryvale,QLD,"Wilkinson Pl, Maryvale QLD 4370",https://spicersretreats.com/weddings/,Scenic Rim
spicers-retreats,Spicers Hidden Vale,Grandchester,QLD,"617 Grandchester Mt Mort Rd, Grandchester QLD 4340",https://spicersretreats.com/weddings/,
spicers-retreats,Spicers Sangoma,Bowen Mountain,NSW,"299 Sams Way, Bowen Mountain NSW 2753",https://spicersretreats.com/weddings/,
spicers-retreats,Spicers Tamarind,Maleny,QLD,"88 Obi Lane S, Maleny QLD 4552",https://spicersretreats.com/weddings/,
spicers-retreats,Spicers Vineyards Estate,Pokolbin,NSW,"Eccleston Rd, Pokolbin NSW 2320",https://spicersretreats.com/weddings/,Hunter Valley
spicers-retreats,Spicers Clovelly Estate,Montville,QLD,"68 Balmoral Rd, Montville QLD 4560",https://spicersretreats.com/weddings/,
spicers-retreats,Spicers Tower Lodge,Pokolbin,NSW,"Halls Rd, Pokolbin NSW 2320",https://spicersretreats.com/weddings/,Hunter Valley
spicers-retreats,Spicers Balfour Hotel,New Farm,QLD,"37 Balfour St, New Farm QLD 4005",https://spicersretreats.com/weddings/,
crystalbrook-collection,Crystalbrook Riley Cairns,Cairns City,QLD,"131-141 Esplanade, Cairns City QLD 4870",https://crystalbrookcollection.com/weddings/,
crystalbrook-collection,Crystalbrook Bailey Cairns,Cairns City,QLD,"163 Abbott St, Cairns City QLD 4870",https://crystalbrookcollection.com/weddings/,
crystalbrook-collection,Crystalbrook Flynn Cairns,Cairns City,QLD,"85 Esplanade, Cairns City QLD 4870",https://crystalbrookcollection.com/weddings/,
crystalbrook-collection,Crystalbrook Byron,Byron Bay,NSW,"77-97 Bayshore Drive, Byron Bay NSW 2481",https://crystalbrookcollection.com/weddings/,
crystalbrook-collection,Crystalbrook Kingsley Newcastle,Newcastle,NSW,"282 King St, Newcastle NSW 2300",https://crystalbrookcollection.com/weddings/,
crystalbrook-collection,Crystalbrook Vincent Sydney,Sydney,NSW,"88 Cumberland St, The Rocks NSW 2000",https://crystalbrookcollection.com/weddings/,
matthews-hospitality,Clare Country Club,Clare,SA,"White Hut Rd, Clare SA 5453",,
matthews-hospitality,Mount Gambier Hotel,Mount Gambier,SA,"2 Commercial St W, Mount Gambier SA 5290",,
matthews-hospitality,The Eyre Hotel,Whyalla,SA,"71 Playford Ave, Whyalla SA 5600",,
matthews-hospitality,Brougham Place Hotel,North Adelaide,SA,"73 Brougham Pl, North Adelaide SA 5006",,
matthews-hospitality,Highway Hotel,Plympton,SA,"290 Anzac Hwy, Plympton SA 5038",,
australian-bespoke-collective,Mount Lofty House,Crafers,SA,"74 Mount Lofty Summit Rd, Crafers SA 5152",,
australian-bespoke-collective,Sequoia Lodge,Crafers,SA,"5 Mount Lofty Summit Rd, Crafers SA 5152",,
australian-bespoke-collective,The Reef House,Palm Cove,QLD,"99 Williams Esp, Palm Cove QLD 4879",,
state-buildings,Wildflower,Perth,WA,"Cathedral Square, 1 Cathedral Ave, Perth WA 6000",https://statebuildings.com/weddings/,
state-buildings,Post,Perth,WA,"Cathedral Square, 1 Cathedral Ave, Perth WA 6000",https://statebuildings.com/weddings/,
state-buildings,Long Chim,Perth,WA,"Cathedral Square, 1 Cathedral Ave, Perth WA 6000",https://statebuildings.com/weddings/,
state-buildings,Petition Kitchen,Perth,WA,"Cathedral Square, 1 Cathedral Ave, Perth WA 6000",https://statebuildings.com/weddings/,
state-buildings,Halford Bar,Perth,WA,"Cathedral Square, 1 Cathedral Ave, Perth WA 6000",https://statebuildings.com/weddings/,
old-synagogue-group,The Old Synagogue,Fremantle,WA,"3 South Terrace, Fremantle WA 6160",https://theoldsynagogue.com.au,
old-synagogue-group,L'Chaim,Fremantle,WA,"3 South Terrace, Fremantle WA 6160",https://theoldsynagogue.com.au,Same building
old-synagogue-group,Mr Chapple,Fremantle,WA,"3 South Terrace, Fremantle WA 6160",https://theoldsynagogue.com.au,Same building
old-synagogue-group,Tonic + Ginger,Fremantle,WA,"3 South Terrace, Fremantle WA 6160",https://theoldsynagogue.com.au,Same building
sneakers-and-jeans,The Flour Factory,Perth,WA,"16 Queen St, Perth WA 6000",https://sneakersandjeans.com.au,
sneakers-and-jeans,Varnish on King,Perth,WA,"75 King St, Perth WA 6000",https://sneakersandjeans.com.au,
sneakers-and-jeans,Modus Operandi,Perth,WA,Perth WA 6000,https://sneakersandjeans.com.au,
sneakers-and-jeans,Mary Street Bakery,Highgate,WA,"507 Beaufort St, Highgate WA 6003",https://sneakersandjeans.com.au,
sneakers-and-jeans,Hadiqa,Perth,WA,"139 Murray St, Perth WA 6000",https://sneakersandjeans.com.au,
federal-group,Saffire Freycinet,Coles Bay,TAS,"2352 Coles Bay Rd, Coles Bay TAS 7215",,
federal-group,Henry Jones Art Hotel,Hobart,TAS,"25 Hunter St, Hobart TAS 7000",,
federal-group,MACq 01 Hotel,Hobart,TAS,"17 Hunter St, Hobart TAS 7000",,
federal-group,Wrest Point Hotel Casino,Sandy Bay,TAS,"410 Sandy Bay Rd, Sandy Bay TAS 7005",,
baillie-lodges,Southern Ocean Lodge,Kingscote,SA,"Hanson Bay Rd, Kingscote SA 5223",,Kangaroo Island
baillie-lodges,The Louise,Marananga,SA,"375 Seppeltsfield Rd, Marananga SA 5355",,Barossa Valley
baillie-lodges,Longitude 131,Yulara,NT,Yulara NT 0872,,Uluru
peppers-retreats,Peppers Manor House,Sutton Forest,NSW,"Kater Rd, Sutton Forest NSW 2577",https://peppers.com.au/weddings/,
peppers-retreats,Peppers Convent Hunter Valley,Pokolbin,NSW,"Halls Rd, Pokolbin NSW 2320",https://peppers.com.au/weddings/,
peppers-retreats,Peppers Salt Resort & Spa Kingscliff,Kingscliff,NSW,"Bells Blvd, Kingscliff NSW 2487",https://peppers.com.au/weddings/,
peppers-retreats,Peppers Cradle Mountain Lodge,Cradle Mountain,TAS,"4038 Cradle Mountain Rd, Cradle Mountain TAS 7306",https://peppers.com.au/weddings/,
peppers-retreats,Peppers Noosa Resort & Villas,Noosa Heads,QLD,"33 Viewland Drive, Noosa Heads QLD 4567",https://peppers.com.au/weddings/,
peppers-retreats,Peppers Soul Surfers Paradise,Surfers Paradise,QLD,"8 The Esplanade, Surfers Paradise QLD 4217",https://peppers.com.au/weddings/,
peppers-retreats,Peppers Marysville,Marysville,VIC,"32-42 Murchison St, Marysville VIC 3779",https://peppers.com.au/weddings/,
peppers-retreats,Peppers Mineral Springs Hotel,Hepburn Springs,VIC,"124 Main Rd, Hepburn Springs VIC 3461",https://peppers.com.au/weddings/,
peppers-retreats,Peppers Carrington Hotel,Katoomba,NSW,"15-47 Katoomba St, Katoomba NSW 2780",https://peppers.com.au/weddings/,
peppers-retreats,Peppers Silo Hotel,Launceston,TAS,"89-91 Lindsay St, Launceston TAS 7250",https://peppers.com.au/weddings/,
evt-hospitality,QT Sydney,Sydney,NSW,"49 Market St, Sydney NSW 2000",https://www.qthotels.com,
evt-hospitality,QT Melbourne,Melbourne,VIC,"133 Russell St, Melbourne VIC 3000",https://www.qthotels.com,
evt-hospitality,QT Gold Coast,Surfers Paradise,QLD,"7 Staghorn Ave, Surfers Paradise QLD 4217",https://www.qthotels.com,
evt-hospitality,QT Bondi,Bondi Beach,NSW,"6 Beach Rd, Bondi Beach NSW 2026",https://www.qthotels.com,
evt-hospitality,QT Newcastle,Newcastle,NSW,"60 Hunter St, Newcastle NSW 2300",https://www.qthotels.com,
evt-hospitality,QT Perth,Perth,WA,"133 Murray St, Perth WA 6000",https://www.qthotels.com,
evt-hospitality,QT Canberra,Canberra,ACT,"1 London Cct, Canberra ACT 2601",https://www.qthotels.com,
oaks-resorts,Oaks Cypress Lakes Hunter Valley,Pokolbin,NSW,"15 Thompsons Rd, Pokolbin NSW 2320",https://oakshotels.com/en/weddings,
oaks-resorts,Oaks Sanctuary Cove,Hope Island,QLD,"Manor Cct, Hope Island QLD 4212",https://oakshotels.com/en/weddings,
oaks-resorts,Oaks Port Douglas Resort,Port Douglas,QLD,"87-109 Port Douglas Rd, Port Douglas QLD 4877",https://oakshotels.com/en/weddings,
oaks-resorts,Oaks Cable Beach Sanctuary Broome,Cable Beach,WA,"10 Murray Rd, Cable Beach WA 6726",https://oakshotels.com/en/weddings,
hunter-hotel-group,Bateau Bay Hotel,Bateau Bay,NSW,"12 Bias Ave, Bateau Bay NSW 2261",https://bateaubayhotel.com.au/,Acquired from Laundy 2017
hunter-hotel-group,Coach & Horses Hotel,Maitland,NSW,"34 Melbourne St, East Maitland NSW 2323",https://www.coachandhorsesmaitland.com.au/,
hunter-hotel-group,Gateshead Tavern,Gateshead,NSW,"129 Lake Rd, Gateshead NSW 2290",https://www.gatesheadtavern.com.au/,
hunter-hotel-group,Kincumber Hotel,Kincumber,NSW,"50 Avoca Drive, Kincumber NSW 2251",https://www.kincumberpub.com.au/,
hunter-hotel-group,Pippi's at the Point,Belmont,NSW,Belmont NSW 2280,https://www.pippis.com.au/,
hunter-hotel-group,Royal Hotel Singleton,Singleton,NSW,"75 George St, Singleton NSW 2330",https://www.royalhotelsingleton.com.au/,
hunter-hotel-group,Seabreeze Beach Hotel,South West Rocks,NSW,"Livingstone St, South West Rocks NSW 2431",https://www.seabreezebeachhotel.com.au/,Acquired ~2024 for $32m
hunter-hotel-group,Swansea Hotel,Swansea,NSW,"206 Pacific Hwy, Swansea NSW 2281",https://www.swanseahotel.com.au/,
hunter-hotel-group,Terrigal Hotel,Terrigal,NSW,"Pine Tree Lane, Terrigal NSW 2260",https://www.terrigalhotel.com.au/,Acquired Aug 2025 for $47m
hunter-hotel-group,Town Hall Hotel Waratah,Waratah,NSW,"269 Turton Rd, Waratah NSW 2298",https://www.townhallwaratah.com.au/,
marriott-international,The Ritz-Carlton Melbourne,Melbourne,VIC,"650 Collins St, Melbourne VIC 3000",https://www.marriott.com/en-us/hotels/melrz-the-ritz-carlton-melbourne/events/,Level 80 Sky Lobby
marriott-international,The Ritz-Carlton Perth,Perth,WA,"1 Barrack St, Perth WA 6000",https://www.marriott.com/en-us/hotels/perrz-the-ritz-carlton-perth/events/,Elizabeth Quay
marriott-international,The Tasman Luxury Collection,Hobart,TAS,"12 Murray St, Hobart TAS 7000",https://www.marriott.com/en-us/hotels/hbalc-the-tasman-a-luxury-collection-hotel-hobart/events/,Heritage Parliament Square
marriott-international,W Sydney,Darling Harbour,NSW,"31 Wheat Rd, Sydney NSW 2000",https://www.marriott.com/en-us/hotels/sydwh-w-sydney/events/,The Ribbon building
marriott-international,W Melbourne,Melbourne,VIC,"408 Flinders Lane, Melbourne VIC 3000",https://www.marriott.com/en-us/hotels/melwh-w-melbourne/events/,
marriott-international,W Brisbane,Brisbane,QLD,"81 N Quay, Brisbane City QLD 4000",https://www.marriott.com/en-us/hotels/bnewh-w-brisbane/events/,
marriott-international,JW Marriott Gold Coast Resort & Spa,Surfers Paradise,QLD,"158 Ferny Ave, Surfers Paradise QLD 4217",https://www.marriott.com/en-us/hotels/oolsp-jw-marriott-gold-coast-resort-and-spa/events/,
marriott-international,Sheraton Grand Sydney Hyde Park,Sydney,NSW,"161 Elizabeth St, Sydney NSW 2000",https://www.marriott.com/en-us/hotels/sydsi-sheraton-grand-sydney-hyde-park/events/,
marriott-international,Sheraton Grand Mirage Resort Gold Coast,Main Beach,QLD,"71 Sea World Drive, Main Beach QLD 4217",https://www.marriott.com/en-us/hotels/oolgs-sheraton-grand-mirage-resort-gold-coast/events/,
marriott-international,Sheraton Grand Mirage Resort Port Douglas,Port Douglas,QLD,"19 Port Douglas Rd, Port Douglas QLD 4877",https://www.marriott.com/,Tropical lagoon
marriott-international,Sydney Harbour Marriott Circular Quay,Sydney,NSW,"30 Pitt St, Sydney NSW 2000",https://www.marriott.com/,
marriott-international,Brisbane Marriott Hotel,Brisbane,QLD,"515 Queen St, Brisbane City QLD 4000",https://www.marriott.com/,Story Bridge views
marriott-international,Melbourne Marriott Hotel,Melbourne,VIC,"Cnr Lonsdale & Exhibition St, Melbourne VIC 3000",https://www.marriott.com/,
marriott-international,Melbourne Marriott Hotel Docklands,Docklands,VIC,"15 Waterfront Way, Docklands VIC 3008",https://www.marriott.com/,
marriott-international,The Westin Perth,Perth,WA,"480 Hay St, Perth WA 6000",https://www.marriott.com/en-us/hotels/perwi-the-westin-perth/events/,
marriott-international,The Westin Brisbane,Brisbane,QLD,"111 Mary St, Brisbane City QLD 4000",https://www.marriott.com/en-us/hotels/bnewi-the-westin-brisbane/events/,
marriott-international,Pier One Sydney Harbour Autograph Collection,Walsh Bay,NSW,"11 Hickson Rd, Walsh Bay NSW 2000",https://www.marriott.com/,Marriott Autograph Collection. Same building was previously double-listed under Dockside Group — removed.
marriott-international,Aloft Perth,Rivervale,WA,"27 Belmont Ave, Rivervale WA 6103",https://www.marriott.com/en-us/hotels/peral-aloft-perth/events/,Roofcy terrace
marriott-international,Four Points by Sheraton Sydney Central Park,Chippendale,NSW,"Central Park, 24 Kensington St, Chippendale NSW 2008",https://www.marriott.com/,
ihg-hotels,InterContinental Sydney,The Rocks,NSW,"117 Macquarie St, Sydney NSW 2000",https://www.ihg.com/intercontinental/hotels/us/en/sydney/sydha/hoteldetail,Treasury Building & Aster rooftop
ihg-hotels,InterContinental Sydney Double Bay,Double Bay,NSW,"33 Cross St, Double Bay NSW 2028",https://doublebay.intercontinental.com/weddings/,Parisian Courtyard & Grand Ballroom
ihg-hotels,InterContinental Sydney Coogee Beach,Coogee,NSW,"242 Arden St, Coogee NSW 2034",https://coogeebeach.intercontinental.com/weddings-celebrations,Oceanic Ballroom
ihg-hotels,InterContinental Hayman Great Barrier Reef,Hayman Island,QLD,Hayman Island QLD 4801,https://www.ihg.com,Private island chapel
ihg-hotels,InterContinental Sanctuary Cove Resort,Hope Island,QLD,"Manor Cct, Hope Island QLD 4212",https://www.ihg.com,Glass-walled chapel
ihg-hotels,InterContinental Perth City Centre,Perth,WA,"815 Hay St, Perth WA 6000",https://www.ihg.com,
ihg-hotels,InterContinental Adelaide,Adelaide,SA,"North Terrace, Adelaide SA 5000",https://www.ihg.com,Riverfront
ihg-hotels,Kimpton Margot Sydney,Sydney,NSW,"339 Pitt St, Sydney NSW 2000",https://www.ihg.com/kimptonhotels,Art Deco
ihg-hotels,voco Kirkton Park Hunter Valley,Pokolbin,NSW,"336 Oakey Creek Rd, Pokolbin NSW 2320",https://www.ihg.com/voco,Estate-style 70 acres
ihg-hotels,voco Brisbane City Centre,Brisbane,QLD,"363 Adelaide St, Brisbane City QLD 4000",https://www.ihg.com/voco,Grand Chelsea Ballroom
ihg-hotels,voco Gold Coast,Surfers Paradise,QLD,"31 Hamilton Ave, Surfers Paradise QLD 4217",https://www.ihg.com/voco,
ihg-hotels,Hotel Indigo Melbourne on Flinders,Melbourne,VIC,"575 Flinders Ln, Melbourne VIC 3000",https://www.ihg.com/hotelindigo,
ihg-hotels,Hotel Indigo Brisbane City Centre,Brisbane,QLD,Brisbane City QLD 4000,https://www.ihg.com/hotelindigo,
ihg-hotels,Crowne Plaza Hawkesbury Valley,Windsor,NSW,"61 Hawkesbury Valley Way, Windsor NSW 2756",https://www.ihg.com/crowneplaza,Lakeside chapel
ihg-hotels,Crowne Plaza Adelaide,Adelaide,SA,"27 Frome St, Adelaide SA 5000",https://www.ihg.com/crowneplaza,Rooftop pool deck
ihg-hotels,Holiday Inn Potts Point,Potts Point,NSW,"203 Victoria St, Potts Point NSW 2011",https://www.ihg.com/holidayinn,
ihg-hotels,Holiday Inn Sydney St Marys,St Marys,NSW,Western Sydney NSW,https://www.ihg.com/holidayinn,
ihg-hotels,Holiday Inn & Suites Geelong,Geelong,VIC,Geelong VIC 3220,https://www.ihg.com/holidayinn,
ihg-hotels,Holiday Inn Perth City Centre,Perth,WA,"778 Hay St, Perth WA 6000",https://www.ihg.com/holidayinn,
accor-hotels,Sofitel Sydney Wentworth,Sydney,NSW,"61-101 Phillip St, Sydney NSW 2000",https://accorevents.com,Sydney's most elegant wedding venue
accor-hotels,Sofitel Sydney Darling Harbour,Sydney,NSW,"12 Darling Drive, Sydney NSW 2000",https://accorevents.com,
accor-hotels,Sofitel Melbourne on Collins,Melbourne,VIC,"25 Collins St, Melbourne VIC 3000",https://accorevents.com,Paris end of Collins
accor-hotels,Sofitel Brisbane Central,Brisbane,QLD,"249 Turbot St, Brisbane City QLD 4000",https://accorevents.com,Above Central Station
accor-hotels,Sofitel Gold Coast Broadbeach,Broadbeach,QLD,"81 Surf Parade, Broadbeach QLD 4218",https://accorevents.com,
accor-hotels,Sofitel Adelaide,Adelaide,SA,"108 Currie St, Adelaide SA 5000",https://accorevents.com,
accor-hotels,Pullman Sydney Hyde Park,Sydney,NSW,"36 College St, Sydney NSW 2010",https://accorevents.com,
accor-hotels,Pullman Quay Grand Sydney Harbour,Sydney,NSW,"61 Macquarie St, Sydney NSW 2000",https://accorevents.com,
accor-hotels,Pullman at Sydney Olympic Park,Sydney Olympic Park,NSW,"11 Olympic Boulevard, Sydney Olympic Park NSW 2127",https://accorevents.com,
accor-hotels,Pullman Brisbane King George Square,Brisbane,QLD,"Cnr Ann & Roma St, Brisbane City QLD 4000",https://accorevents.com,12 meeting rooms 2 ballrooms
accor-hotels,Pullman Brisbane Airport,Eagle Farm,QLD,"500 Gateway Drive, Eagle Farm QLD 4009",https://accorevents.com,Sky Lounge Rooftop
accor-hotels,Pullman Melbourne on the Park,East Melbourne,VIC,"192 Wellington Parade, East Melbourne VIC 3002",https://accorevents.com,Next to MCG
accor-hotels,Pullman Melbourne City Centre,Melbourne,VIC,"265 Little Bourke St, Melbourne VIC 3000",https://accorevents.com,
accor-hotels,Pullman Cairns International,Cairns,QLD,"17 Abbott St, Cairns City QLD 4870",https://accorevents.com,
accor-hotels,Pullman Reef Hotel Casino Cairns,Cairns,QLD,"35-41 Wharf St, Cairns City QLD 4870",https://accorevents.com,
accor-hotels,Mövenpick Hotel Hobart,Hobart,TAS,"28 Elizabeth St, Hobart TAS 7000",https://accorevents.com,
accor-hotels,The William Inglis Hotel MGallery,Warwick Farm,NSW,"155 Governor Macquarie Drive, Warwick Farm NSW 2170",https://accorevents.com,Riverside Stables — major wedding venue
accor-hotels,Fairmont Resort Blue Mountains MGallery,Leura,NSW,"1 Sublime Point Rd, Leura NSW 2780",https://accorevents.com,Jamison Valley views
accor-hotels,Manly Pacific MGallery,Manly,NSW,"55 N Steyne, Manly NSW 2095",https://accorevents.com,
accor-hotels,The Como Melbourne MGallery,South Yarra,VIC,"630 Chapel St, South Yarra VIC 3141",https://accorevents.com,
accor-hotels,Hotel Chadstone Melbourne MGallery,Chadstone,VIC,"1341 Dandenong Rd, Chadstone VIC 3148",https://accorevents.com,
accor-hotels,Mitchelton Hotel Nagambie MGallery,Nagambie,VIC,"Mitchellstown Rd, Nagambie VIC 3608",https://accorevents.com,Vineyard
accor-hotels,The Porter House Hotel MGallery,Sydney,NSW,"203 Castlereagh St, Sydney NSW 2000",https://accorevents.com,
accor-hotels,Swissôtel Sydney,Sydney,NSW,"68 Market St, Sydney NSW 2000",https://accorevents.com,
accor-hotels,Novotel Sydney on Darling Harbour,Sydney,NSW,"100 Murray St, Pyrmont NSW 2009",https://accorevents.com,
accor-hotels,Novotel Sydney Olympic Park,Sydney Olympic Park,NSW,"11 Olympic Boulevard, Sydney Olympic Park NSW 2127",https://accorevents.com,
accor-hotels,Novotel Sydney Parramatta,Parramatta,NSW,"350 Church St, Parramatta NSW 2150",https://accorevents.com,
accor-hotels,Novotel Sydney West HQ,Rooty Hill,NSW,"33 Railway St, Rooty Hill NSW 2766",https://accorevents.com,
accor-hotels,Novotel Sydney International Airport,Mascot,NSW,"22 Levey St, Wolli Creek NSW 2205",https://accorevents.com,
accor-hotels,Novotel Melbourne on Collins,Melbourne,VIC,"270 Collins St, Melbourne VIC 3000",https://accorevents.com,
accor-hotels,Novotel Melbourne South Wharf,South Wharf,VIC,"7 Convention Centre Pl, South Wharf VIC 3006",https://accorevents.com,
accor-hotels,Mercure Sydney Liverpool,Liverpool,NSW,Liverpool NSW 2170,https://accorevents.com,Up to 1200 guests
accor-hotels,The Sebel Brisbane Margate Beach,Margate,QLD,Margate QLD 4019,https://accorevents.com,Moreton Bay views
accor-hotels,Mantra Lorne,Lorne,VIC,"Mountjoy Parade, Lorne VIC 3232",https://accorevents.com,12 acres
accor-hotels,The Olsen Art Series,South Yarra,VIC,"637-641 Chapel St, South Yarra VIC 3141",https://accorevents.com,
accor-hotels,The Johnson Brisbane Art Series,Spring Hill,QLD,"477 Boundary St, Spring Hill QLD 4000",https://accorevents.com,
accor-hotels,The Larwill Studio Melbourne Art Series,Parkville,VIC,"48 Flemington Rd, Parkville VIC 3052",https://accorevents.com,
accor-hotels,Mercure Clear Mountain Lodge Spa & Vineyard,Clear Mountain,QLD,Clear Mountain QLD 4500,https://accorevents.com,
accor-hotels,Mercure Ballarat Hotel,Ballarat,VIC,"613 Main Rd, Bakery Hill VIC 3350",https://accorevents.com,Regional VIC's largest conference venue
accor-hotels,Mercure Portsea Golf Club,Portsea,VIC,"Portsea Back Beach Rd, Portsea VIC 3944",https://accorevents.com,
accor-hotels,The Sebel Pinnacle Valley Resort,Merrijig,VIC,"Mt Buller Rd, Merrijig VIC 3723",https://accorevents.com,
accor-hotels,The Sebel Brisbane,Brisbane,QLD,"95 Charlotte St, Brisbane City QLD 4000",https://accorevents.com,
hilton-hotels,Hilton Sydney,Sydney,NSW,"488 George St, Sydney NSW 2000",https://www.hilton.com/en/hotels/sydhitw-hilton-sydney/weddings/,Marble Bar / Zeta Bar / Grand Ballroom up to 800
hilton-hotels,Hilton Brisbane,Brisbane,QLD,"190 Elizabeth St, Brisbane City QLD 4000",https://www.hilton.com,
hilton-hotels,Hilton Adelaide,Adelaide,SA,"233 Victoria Square, Adelaide SA 5000",https://www.hilton.com,
hilton-hotels,Hilton Surfers Paradise,Surfers Paradise,QLD,"6 Orchid Ave, Surfers Paradise QLD 4217",https://www.hilton.com,
hilton-hotels,DoubleTree by Hilton Esplanade Darwin,Darwin,NT,"116 Esplanade, Darwin NT 0800",https://www.hilton.com,
hilton-hotels,DoubleTree by Hilton Cairns,Cairns,QLD,"121-123 Esplanade, Cairns City QLD 4870",https://www.hilton.com,
hilton-hotels,DoubleTree by Hilton Hotel Melbourne Flinders,Melbourne,VIC,"270 Flinders St, Melbourne VIC 3000",https://www.hilton.com,
